,frequency
cassava,3
leaf,6
disease,84
classification,1037
hed606-summer,1
2020,168
fall,334
mgmt,1
571,1
lec,1
final,215
project,397
trends,1
neuroimaging,1
tweet,18
sentiment,127
extraction,16
yjtest,1
daspro,1
data,679
hackathon,503
declutter,2
opencv,3
pytorch,8
course,140
-,2884
segmentation,83
connect,15
x,41
"11-785,",10
spring,320
"2020,",14
homework,171
1,418
part,70
2,553
hw2p2,48
3,215
4,138
wids,24
datathon,89
ds4g,1
environmental,6
insights,11
explorer,1
demoooooo1109,1
facial,32
emotion,29
recognition,253
deep,141
learning,455
using,80
fifa,8
2019,2
players',1
wages,1
halite,2
by,54
two,8
sigma,2
university,31
of,636
liverpool,1
ion,1
switching,1
sfu,33
cmpt,33
computer,39
vision,45
cnn,77
lab,152
h1p2,1
slack,29
[02/24],1
heights,1
and,231
weights,33
dataset,220
dart,1
score,26
prediction,1265
anokha,1
ai,500
adept,1
ml-session,1
repeat,1
mat300/qso370,1
modeling,42
competition,1115
bids,1
machine,356
classify,10
this,34
movie,32
å‘˜å·¥ç¦»èŒç‡é¢„æµ‹,6
cse,45
244,5
ml,825
for,389
nlp,177
hw,25
dsi-smd-1,1
regression,286
challenge,1040
Ğ¿Ñ‚Ğ¸Ñ†Ğ°,2
Ğ¸Ğ»Ğ¸,6
ÑĞ°Ğ¼Ğ¾Ğ»ĞµÑ‚?,2
ska,1
test,357
cse6250,30
bdh,1
imaterialist,3
(fashion),3
at,40
fgvc7,6
presidential,10
candidate,10
supaero,2
sailing,1
regatta,1
ml1920,1
fashion-mnist,1
statistical,5
emulators,1
rcms,1
document,12
expedia,1
hotel,17
ranking,8
forecasting,224
particulate,1
matter,1
concentration,5
optum,1
racing,5
league,9
accelerateml,1
flower,23
with,349
tpus,1
test_map,1
ã€oldã€‘ã€publicã€‘real,3
estate,5
price,203
iwildcam,6
molsim,10
aicvs,1
kaggle,242
aesthetic,2
visual,11
analysis,192
enso,1
cnam,1
niort,1
2019/2020,1
assignment,265
(ell,1
409),1
multitask,4
music,42
wine,49
quality,94
efectiva,1
modelo,1
ingresos,1
abstraction,1
reasoning,6
outbound,1
email,3
spam,31
detection,463
unsupervised,18
model,104
the,420
impossible:,1
predicting,212
ph,2
earthquakes,5
ds9,1
which,12
whiskey,17
chicago,1
crimes,1
(banana,1
#2),1
ann,5
bp,1
taxi,7
fare,3
(small),9
addition,1
mars-traffic-violation-forecast,1
dyuksha,1
demo,59
verification,59
[03/24],1
boston,5
housing,59
______,1
forecast,32
system,27
demand,18
news,59
predictive,61
maintenance,32
ml2020spring,8
hw1,135
hw2,72
hw3,81
hw4,62
recsys,17
contest,78
sirius,4
january,3
text,95
dspt2,1
who,22
is,50
rich?,1
taking,1
first,41
leap,7
yimengtest,1
bmsc,1
ga,5
4493,1
comp,49
cs747-assignment-0,1
makes,1
money?,1
"Ñ„Ğ¸Ğ½ÑĞº,",2
Ğ¼Ğ°Ñ‚.Ğ¾ÑĞ½Ğ¾Ğ²Ñ‹,2
"ml,",6
distance,6
geometry,1
autonobot,5
sp20:,5
hw-1,1
problem-3,1
embajadores-machinelearning,1
smescm00,1
evaluation,38
(alternative),1
utiva,6
school,29
employee,18
attrition,12
curso,8
en,85
ciencia,9
de,444
datos,15
la,37
ugr,1
(6Âª,1
ediciÃ³n),1
credit,117
card,48
fraud,59
sp20,2
science,201
nigeria,3
instagram,7
marketing,22
ad,6
word2vec,5
computational,15
intelligence,36
m5,2
accuracy,5
uncertainty,1
google,87
cloud,13
&,139
ncaaÂ®,3
2020-ncaam,1
2020-ncaaw,1
march,34
madness,12
analytics,111
competiÃ§Ã£o,16
verÃ£o,1
campaign,22
effectiveness,1
imet,3
collection,13
herbarium,6
semi-supervised,9
cs589,3
a,340
b,29
cs747-assignment-1,3
prostate,1
cancer,40
grade,1
assessment,11
(panda),1
plant,6
pathology,3
mars-hospital-placement-recommendation,1
applied,3
level,28
psu_380_heads_or_tails,1
coin_flips,1
section,21
hash,4
code,54
archive,2
photo,6
slideshow,1
optimization,8
airways,1
diabetes,26
bdn,1
inspiration,1
session,6
cs987test,1
Ğ¿Ñ€ĞµĞ´ÑĞºĞ°Ğ·Ğ°Ğ½Ğ¸Ğµ,30
Ğ²Ñ‚Ğ¾Ñ€Ğ¸Ñ‡Ğ½Ğ¾Ğ¹,1
ÑÑ‚Ñ€ÑƒĞºÑ‚ÑƒÑ€Ñ‹,1
Ğ±ĞµĞ»ĞºĞ°,1
obsolete,1
"competition,",4
see,2
description,6
reto,7
1:,17
beer,9
ğŸ»ğŸ»ğŸ»,1
ml2,8
usf,4
time,100
series,150
like,1
financial,47
Ğ¾Ğ½Ñ‚Ğ¸,2
learn&hack,1
20,9
Ñ…Ğ°ĞºĞ°Ñ‚Ğ¾Ğ½,4
Ğ±Ğ´,1
python,41
bigdata,26
crime,12
datamexpt_0919,1
high,2
frequency,1
index,6
futures,1
hw7,11
hw9,1
hw10,1
hw12,3
cte-dl4cv,1
ec524:,1
heart-disease,1
mlware,1
technex,1
radiaciÃ³n,1
solar,27
dog,23
breed,9
classifier,52
2020-01,1
stat,31
380-02,1
id,10
national,4
advanced,46
recommender,31
systems,25
5,83
s2020,2
am216,3
ristik,1
diti,1
sciinci,1
ipin,1
ricriitmint,1
dm-assignment,1
fasam,3
turma,4
Ğ¿Ñ€Ğ¾Ğ´Ğ°Ğ¶Ğ°,1
Ğ´Ğ¾Ğ¼Ğ¾Ğ²,1
Ğ²,13
ÑÑˆĞ°,1
machinelearningadvanced,1
traffic,36
signs,2
multi-class,39
temp123,1
boolean,1
retrieval,33
ir,10
itmo,50
chinese,6
asr,7
estimation,26
link,11
lora,1
dltthis,1
simpsons,7
season,45
100,22
spelling,1
correction,5
building,31
on,55
chapmancs530,1
mining,92
hackathon:,25
prices,87
jigsaw,3
multilingual,14
toxic,25
comment,19
boaz_rs_study,1
neural,46
mnist,166
open,22
bim,1
bam,1
boum,1
Ğ¿Ñ€ĞµĞ´ÑĞºĞ°Ğ·Ğ°Ñ‚ÑŒ,1
22x22,1
ingv,1
volcanic,1
eruption,1
data-driven,1
business,19
milan,1
applications,50
"learning(wustl,",2
2020),7
int20h,6
how,34
bitter,8
beer?,5
nothing,3
to,215
here,1
diamonds,38
lhs712,6
w20:,1
activitytweeting,3
sp2020,1
2:,44
car,64
ğŸš—,3
dlhlp2020spring,1
killer,1
shrimp,1
invasion,1
cs5228,1
cs6601ai-spring20-assign4-bonus,1
3kuy34t4rrdeu7t,1
cse464,2
simulated,5
datamix,1
sberbank,1
ell,2
409,2
testers,1
page,5
adv,1
submission,14
images,31
object,88
rvc,5
edition,35
ia1920,1
landmark,11
uom,1
ell409assignment,1
testmelody,1
node,6
rit,6
mgis,2
355,2
6,37
restaurants,1
ratings,20
dmc,4
19,9
imdb_sentiment_classification,1
codemarathon,1
v,5
6.0:,1
clickbait,13
supervised,10
"ferrari,",2
renault,2
or,59
mercedes?,2
ensai,2
gÃ©ostatistique,4
333,2
class,93
corona,1
2.0,37
insurance,22
purchase,3
naive,3
bayes,3
imdb,14
lacmus,1
foundation,5
image,193
ades:,3
malicious,3
network,23
[slack],1
[late],2
tensor,6
nova,1
home,24
recommendation,62
modified,5
uplift,1
x5,1
jacoubet,1
atlas,3
paris:,1
where,12
are,16
numbers,1
ir.,3
ÑĞµĞ¼Ğ¸Ğ½Ğ°Ñ€ÑĞºĞ¾Ğµ,2
Ğ·Ğ°Ğ´Ğ°Ğ½Ğ¸Ğµ,7
exploration,8
geophysics,8
dummy2,1
"2,",6
yandex,7
"shad,",4
faa,1
2020:,3
cognate,1
identification,57
ecs308/658,1
actest3,1
â„–3.,1
dssm,1
cs747-assignment-2-p1,4
introduction,47
generating,1
faces,11
2020.rcv.bow,1
gen,1
force,1
proptit,3
aif,3
winter,45
ban7002,1
midterm,27
rank,8
til,1
walmart,10
sales,79
ita,3
technidus,1
-cohrt,1
csci,8
5622,1
problem,45
set,15
Ñ€ĞµĞ°Ğ»Ğ¸Ğ·Ğ°Ñ†Ğ¸Ñ,15
Ñ€Ğ°Ğ½Ğ³Ğ¾Ğ²,1
Ñ€Ğ°ÑÑÑ‚Ğ¾ÑĞ½Ğ¸Ğ¹,1
cs747-assignment-2-p2,1
bank,97
(reboot,1
ds),1
covid19,14
global,69
(week,6
1),5
pm2.5é æ¸¬,1
local,4
us-ca,1
cornell,1
birdcall,3
bits-f464-l0,1
online,11
ads,3
bgu-rcourse,1
ntu,9
ma,2
108-2,5
ass2,1
osyrak,1
sheshes,1
ntut,45
ass3,1
2020b),1
ieor,1
242,1
aaaaaa,4
staa578,1
colx,12
563:,4
named,3
entity,3
isu,1
502/602,1
nyc,2
real,23
relevance,14
ts,8
aiml,6
adult,1
edld,2
654:,2
principios,30
learning:,39
regresiÃ³n,48
onti,1
students,4
performance,20
applai,21
delta,2
2),4
nnfl,8
lab2-cnn,1
cs747-assignment-2-p2-v2,1
09-860,1
a4:,1
mol.,3
sci.,3
closed,2
bas,84
479,84
many,1
pickups?,1
cs747-assignment-2-p2-v3,1
ceupe,1
big,81
best,17
spring2020,1
udel,1
mba,1
user,23
behaviour,16
recomendation,2
govind's,1
qmi,1
in-house,1
cancelled,1
dtmf,2
phase1,1
phase2,1
#homealone2020,2
wm,2
vsm,1
dense,1
3),12
ucsc,19
cse142,1
fight,4
bias,7
b9823hi9798hihoiyo879hiyo9898yihiuoiu,1
108-2-ntut-drl-hw1,1
2110446,3
engineering,30
cifar10,6
test!,1
salaries,1
kazakhstan,1
dsc,3
house,95
friend?,1
semantic,9
role,1
labeling,1
some,9
weather,42
bike,33
rentals,1
sars_covid,1
hva,1
kunstmatige,1
intelligentie,1
s20,3
total,4
cash,8
gift,4
will,22
they,9
donate,4
in,295
2019?,4
covid-19's,1
content,2
pebmed,1
covid-19,54
diagnostic,1
"3,",1
mechanisms,1
action,15
(moa),1
wheat,1
lyft,1
motion,6
autonomous,6
vehicles,5
alaska2,1
steganalysis,1
iitm,2
prml,2
creative,1
instance,19
4),1
comp5046,1
nuu,1
me,27
exam,39
ds2,1
jy,1
[,1
cs,158
-2020,1
],2
testing,56
purpose,1
howsmyflattening,1
npi,1
question-answering,1
kick-dm-2,1
component,7
separation,3
nn,50
mgtvtest,1
sandvine,1
ingestion,1
bmi707/epi290,10
q5,15
box,5
office,1
revenue,2
bbm497-2020-assignment2,1
ee448_2:,1
query,6
expansion,1
sas,17
viya,11
learners,11
recognizance,5
ruc_cardinality_competition,1
ykc-cup-1st,1
advertising,2
explicit,1
ĞºĞ»Ğ°ÑÑĞ¸Ñ„Ğ¸ĞºĞ°Ñ†Ğ¸Ñ,15
Ğ¿Ğ¸ÑĞ°Ñ‚ĞµĞ»ĞµĞ¹,1
nctu,1
lab3,1
i2a2,7
peru,6
risk,68
380-02:,1
new,45
species,7
linear,24
rucode,2
disco,1
dl,115
app,41
hashtag,12
customer,69
churn,233
mlg,1
airbnb,10
korean,8
hate,2
speech,112
iml,8
æ³¢å£«é¡¿æˆ¿ä»·é¢„æµ‹,5
unpublished,1
pages,1
gender,12
gene,1
expression,9
(final,1
round),1
long,23
tail,7
queries,7
master,5
example,3
dna,2
msps,10
hw9-2,4
hw9-3,4
hw9-4,1
hw9-5,1
guild,3
apprentice,1
academy,3
digits,7
fi,1
q2,8
competition!,8
chatbotting,1
products-10k,1
evaluaciÃ³n,14
2020-1,1
design,27
style,1
siim-isic,1
melanoma,1
cmpe-255,1
enigma,24
enigma-2_demo,1
day,41
æ¸¬è©¦bostonæˆ¿åƒ¹(ç·´ç¿’),1
nthu,5
ds2020,1
abstract,1
cvdl2020,1
fine-grained,1
task,101
pasc,3
data-quest,3
bnu,1
esl,1
[sc-2020],2
retenciÃ³n,35
telefonÃ­a,35
mÃ³vil,32
ds-ua,1
112:,1
:,128
animal,30
cabbage,3
cancel,1
sufe-nlp-retake,1
logistic,8
202003,1
[csed490a-01],1
raiffeisen,1
entry,5
research,14
cws,1
fun,8
20test,1
bharath's,1
zoo,3
engima-2,1
turing,2
aia-test-0429,1
aia_1111,1
aia_test,1
coursework2,1
taller,3
inf-477,3
5),9
skillbox.,1
Ğ´Ğ¸Ğ¿Ğ»Ğ¾Ğ¼Ğ½Ğ°Ñ,1
Ñ€Ğ°Ğ±Ğ¾Ñ‚Ğ°,7
Ğ¿Ğ¾,52
ĞºĞ¾Ğ¼Ğ¿ÑŒÑÑ‚ĞµÑ€Ğ½Ğ¾Ğ¼Ñƒ,1
Ğ·Ñ€ĞµĞ½Ğ¸Ñ,1
nta,2
landmarks,5
handwritten,13
digit,49
(pitc),1
dsir-420,1
knit_hacks,1
2020.ai.ì¤‘ê°„ê³ ì‚¬.ë¬¸ì œ4,3
"dlhlp(2020,",1
spring),1
hw4-3,1
find,18
that,11
fish,1
test:,1
3c,6
shared,7
2020.ai.ì¤‘ê°„ê³ ì‚¬.ë¬¸ì œ1,6
2.0-2.0,1
2020.ai.ì¤‘ê°„ê³ ì‚¬.ë¬¸ì œ2,14
2020.ai.ì¤‘ê°„ê³ ì‚¬.ë¬¸ì œ5,6
inf648,1
aprendizaje,15
automÃ¡tico,12
ct,11
dogs,11
vs,37
cats,14
mvml,1
it,12
now,2
2020.ai.ì¤‘ê°„ê³ ì‚¬.ë¬¸ì œ3,4
ece4250,3
project:,34
mobile,4
keystroke,2
dynamics,2
please,11
delete,15
mpcs53111,2
hw5,62
cifar100,36
estmv2020,1
|,140
datamad0320,1
reviews,29
ds13,1
fashionmnist,42
osic,1
pulmonary,2
fibrosis,1
progression,7
cup,55
flare,1
ui,2
2-1,1
bcu,8
labdata,1
curso-r,31
workshop,86
xgboost,21
2020.ai.ì¤‘ê°„ê³ ì‚¬.ë¬¸ì œ1.re,1
book,10
retailing,1
case,176
mmm,2
cifar-100,3
1Âº,1
train,18
homl,2
titanic,100
che609,1
dspt4,1
networking,1
(2020),1
jester,1
joke,1
ml@home,1
limonackathon,3
gone,1
wild,30
classifying,10
fake,20
aibiz,5
3:,13
fashion,73
coursework3,1
drl,5
eee,5
active,7
sample_kaggle_leaderboard,1
popularity,40
test5cancer,1
mgtf,1
495,1
trec-covid,1
information,28
éè¿´ç¥ç¶“ç¶²è·¯æ®µè€ƒ,1
sufenlp,1
tmdb,1
rating,27
personalized,8
item,1
11-785-summer-20-homework,8
scnu,1
captcha,7
caso_2_muerte_coronaria_2020,1
ëŒ€ì „ì •ë³´ë¬¸í™”ì‚°ì—…ì§„í¥ì›,1
2020-05-21,1
äººå·¥æ™ºèƒ½ç®—æ³•æŒ‘æˆ˜èµ›,1
ntust,7
sna,1
[sf-dst],1
v3,1
adversarial,10
attacks,8
against,7
detectors,1
pchs,1
mid-term,6
sufe-nlp-statisticclass,1
ai_midterm_1_cabbage,1
ug,3
iio,3
econometrÃ­a,3
r,11
telemarketing,3
test_credit_loan,1
2020.ai.1ë²ˆ.18011765.ë„ì§„ê²½.sample_kaggle_leaderboard,1
pneumonia,27
2020.ai.ì¤‘ê°„ê³ ì‚¬.ë¬¸ì œ1_ìºê¸€ë¦¬ë”ë³´ë“œë§Œë“¤ê¸°,1
cabbage_prediction_submit,1
ìºê¸€,7
ë¦¬ë”,1
ë³´ë“œ,1
ë§Œë“¤ê¸°,2
homework_kaggle_leaderboard,1
legends,1
winner,11
chile,2
mnist-itba-lab,2
cabbage-ai,1
make-kaggle-leaderboard,1
cabbage_price_18011797,1
2020.ai.ì¤‘ê°„ê³ ì‚¬.ë¬¸ì œ1-ë§Œë“¤ê¸°,1
sample_2020,1
ì¤‘ê°„ê³ ì‚¬,4
ë¬¸ì œ1,1
unit,6
1991,1
aitestkaggle1234,1
sample_kaggle_leaderboard_18011862,1
retail,20
study,167
sample_exam2,1
sejongai.í…€í”„ë¡œì íŠ¸.[ì„œìš¸êµí†µê³µì‚¬,1
í›„ë¶ˆ,1
ìŠ¹ì°¨ì¸ì›,1
ì˜ˆì¸¡í•˜ê¸°],5
parcial,5
ì˜ìƒë¬¼,1
ì‹œì²­ì‹œ,1
ë‡ŒíŒŒì—,1
ëŒ€í•œ,1
ê°ì •ë¶„ë¥˜,1
10ì£¼ì°¨,1
ì‹¤ìŠµ.,1
17011780-test1,1
sejongai.í…€í”„ë¡œì íŠ¸.íƒì‹œë¹„ì˜ˆì¸¡,1
edsa,4
climate,26
change,4
belief,1
abcdef,1
kaggle_assignment,1
concrete_1,1
18011762_ë‹¹ë‡¨ë³‘,1
ë¶„ë¥˜,38
2020.spring.ai.termproject_ì¥ë§ˆ,1
ì˜ˆì¸¡í•˜ê¸°,6
18011762_ì‚¬ëŒ,1
ì–¼êµ´,1
kaggle18011884,1
2020-ai-shimjaekyung-assignment,1
18011803kaggle,1
humi_predict,1
course-hackathon,1
2020-b,1
ë‹¹ë‡¨ë³‘ë¶„ë¥˜_18011854ë°±ì „ëŠ¥,1
levenshtein,1
leaderboard_assignment,1
biker_18011759,1
17011830,1
ë°±ì†Œí˜„,1
ê³¼ì œ,4
sejong.ai.yj.cancer,1
sample_leaderboard_je,1
cv2020,1
2020_ai_assignment1,1
cabbage_price_predict,1
nju,12
sejongai.í…€í”„ë¡œì íŠ¸.fired,1
area,1
sound,6
event,35
ex,4
â„–5,1
test_ml,1
sejongai.í…€í”„ë¡œì íŠ¸.[í•´ìš´ëŒ€ì—­,1
ë‚ ì§œë³„,1
ìŠ¹í•˜ì°¨,2
í•©ê³„,1
ì˜ˆì¸¡,66
sea,5
ice,9
30,6
days,12
testtesttesttest,1
aml,23
week,55
water_test,1
2020.ai.mnist,1
crime-homeprice_test1,1
crime&unemployment_test1,1
"crime,",1
unemployment,1
homeprice,1
sejong,22
predict,201
earthquake,23
sejongai.í…€í”„ë¡œì íŠ¸.ê³µê³µë„ì„œê´€,1
ì˜ˆì‚°,1
èŠ‚èƒ½ç½‘ç»œå®šä½,1
graph,16
per-instance,1
algorithm,1
selection,14
med,30
sejongai.í…€í”„ë¡œì íŠ¸.[horse,1
win-rate],1
ê¸°ìƒí˜„ìƒì—,1
ë”°ë¥¸,11
íƒœì–‘ê´‘ë°œì „ëŸ‰,2
sejongai.í…€í”„ë¡œì íŠ¸.[êµí†µì‚¬ê³ ,1
ë°œìƒëŸ‰,1
ì˜ˆì¸¡],11
petals,1
metal,1
tpu,1
technologytest,1
ì¸ê³µì§€ëŠ¥,14
í…€í”„ë¡œì íŠ¸,1
classification(project,1
vision),1
2020-1í•™ê¸°,1
deeplearning,11
classification:2020,1
2020-abalone-age,1
sos,1
tweets,20
pitch,8
sejongai.í…€í”„ë¡œì íŠ¸.[ê¸°ìƒí˜„ìƒì—,1
ihsm,1
sample,14
sharing,20
article_classification_kyw,1
article_classification_k-yw,1
vizdoom,1
car_accident_number_of_death.18011765,1
sieberrsec,1
ctf,1
2020.ai.boston,1
test-discomfort,1
êµ­ì‚°,1
ìë™ì°¨,1
co2ë°°ì¶œëŸ‰,1
êµ­ì‚°ìë™ì°¨,1
ì—ë„ˆì§€íš¨ìœ¨ë“±ê¸‰,1
sejongai.í…€í”„ë¡œì íŠ¸.[í† ë§ˆí† ,1
ê°€ê²©,2
kdd,4
sejongai.í…€í”„ë¡œì íŠ¸.[ê³ ìš©ì§€í‘œì—,1
ì‹¤ì—…ë¥ ,1
ê°ê¸°,1
ì§„ë£Œê±´ìˆ˜,1
ìì¹˜êµ¬ë³„,1
ìƒê¶Œë³€í™”,1
ì–´ë¦°ì´ëŒ€ê³µì›ì—­,1
í˜¼ì¡ë„,1
parking,1
lot,1
í† ì–‘,1
ì˜¤ì—¼ë„,1
ìŒì‹ì˜,1
íŒë§¤ëŸ‰,1
ì‹ì¤‘ë…,2
ì§€ìˆ˜,2
star,6
tft,1
ëª¨ë°”ì¼,1
ìŠ¹ë°©ë¥ (ìŠ¹/íŒ¨),1
sejongai.í…€í”„ë¡œì íŠ¸.[ìˆ˜ë°•ê°€ê²©ì˜ˆì¸¡].watermelon_price,1
sample_term,1
regression_lib,1
seoul-house_price,1
2020ai_soil,1
í…€í”„ë¡œì íŠ¸_18011826,2
2020ai_water_quality,1
sejongai.í…€í”„ë¡œì íŠ¸.[ë‹¨ì–‘í•˜ìˆ˜ì²˜ë¦¬ì¥,1
ìˆ˜ì§ˆ,3
interna,6
do,23
grupo,1
st4035_2020,1
inclass,16
#1,41
sejongai.í…€í”„ë¡œì íŠ¸.[ê¸°ìƒìƒíƒœì—,1
ë¶ˆì¾Œì§€ìˆ˜,1
ë¶„ë¥˜],1
sejongai.í…€í”„ë¡œì íŠ¸.[í‡´ì‚¬ì—¬ë¶€ì˜ˆì¸¡],1
sejongai.í…€í”„ë¡œì íŠ¸.ë¯¸ì„¸ë¨¼ì§€,1
ìˆ˜ì¹˜,1
sejongai.í…€í”„ë¡œì íŠ¸.[[forrest,1
gump,1
(1994)],1
í‰ê°€,5
aidefensegame18011862,1
idc,8
sejongai.í…€í”„ë¡œì íŠ¸.[í™”ì–‘ë™,1
career,4
related,3
industries,1
ë„·í”Œë¦­ìŠ¤,1
ì£¼ê°€,1
white,6
sejong.electricpowerprediction,1
seoul-houseprice,1
kbo,1
íƒ€ìì˜,1
ë‹¤ìŒì‹œì¦Œ,1
íƒ€ì„ìˆ˜,1
sejong.yj.electricpowerprediction,1
grandpark_practice,1
sejongai.í…€í”„ë¡œì íŠ¸.[í•´ì–‘ê¸°ìƒë¶€ì´,1
ë°”ë‹¤,1
ë‚ ì”¨,1
aiproject18011862,1
sejongai.í…€í”„ë¡œì íŠ¸.[ë‚ ì”¨ì—,2
ëŒ€ê¸°í™˜ê²½ì§€ìˆ˜,1
numdeath_regression,1
sejongai.í…€í”„ë¡œì íŠ¸.[ì–´ë¦°ì´ëŒ€ê³µì›ì—­,1
ì‹œê°„ëŒ€ë³„,1
ì‚¬ìš©ì¸ì›,1
predict_numdeath,1
ai.term,1
project.[wine,1
assessment],1
predict-seoul-houseprice,1
termproject_17011857,1
18011826_í…€í”„ë¡œì íŠ¸,1
sejongai.í…€í”„ë¡œì íŠ¸.[ê³ êµ¬ë§ˆ,1
ë¬¸ì œ],1
termproject_je,1
predict-seoul-house-price,1
types,4
sejongai.í…€í”„ë¡œì íŠ¸.[ì„œìš¸ëŒ€ê³µì›,1
ì…ì¥ê°,1
ìˆ˜,1
music_genres_classification,1
ì¼ë³„,1
ê±°ì£¼ì§€,1
ëª¨ê¸°(mosquito)ì§€ìˆ˜,1
number,9
asthma,1
patient,14
ì´ˆë“±í•™ìƒ,1
ë“±êµ,1
ì¸ì›ìˆ˜ì—,1
ìŠ¤ì¿¨ì¡´,1
ì‚¬ê³ ,1
ë°œìƒ,1
ë¹ˆë„,1
"sejongai.í…€í”„ë¡œì íŠ¸.[""ë²”ì£„ìœ í˜•ì˜ˆì¸¡""]",1
caltech101-1d,1
psych,4
@,24
bgu,13
auto,1
rpaa-hackathon-topic-model,1
disneyland,1
crowd,7
levels,1
2020-ai-termproject,1
sperm,1
morphological,1
iris_m,1
sejongai.í…€í”„ë¡œì íŠ¸.[ì‹œê°„ëŒ€ë³„,1
ì—¬ë¶€,1
graphs:,1
robot,16
positioning,4
control,1
stroke,20
trial,29
practicum,6
activity,16
isec2020:,1
introduÃ§Ã£o,9
ao,9
com,14
bi,2
dataanalyze,1
2020(titanic)-old,1
taskğŸŒ ğŸŒ ,1
towards,3
detecting,16
deforestation,8
sa,5
batch,1
epidemics,2
2020.ai.ê¸°ë§ê³ ì‚¬.ë¬¸ì œ1,1
2020.ai.ê¸°ë§ê³ ì‚¬.ë¬¸ì œ2,1
2020.ai.ê¸°ë§ê³ ì‚¬.ë¬¸ì œ3,1
2020.ai.ê¸°ë§ê³ ì‚¬.ë¬¸ì œ4,1
2020.ai.ê¸°ë§ê³ ì‚¬.ë¬¸ì œ5,1
2020.ai.ê¸°ë§ê³ ì‚¬.ë¬¸ì œ6,1
2020.ai.ê¸°ë§ê³ ì‚¬.ë¬¸ì œ7,1
campus,4
recruitment,22
(course,1
project),1
pris'20,1
covithon,1
kowari,1
88p9zeb8vvjzac7,1
miia4201,1
genre,25
dlai3,2
ykc-2nd,1
ai+,2
july,8
girlsgoit,1
hack,60
highly,1
imbalanced,5
encontrando,1
o,6
melhor,1
valor,2
br,3
fundamentos,9
marathon,1
estructurados,3
itba,29
riiid,1
answer,1
correctness,1
ds15,1
rainforest,6
connection,1
audio,13
holy,1
quran,1
mti,2
bootcamp,13
drr,3
male/female,1
football,12
manchester,5
city,22
f.c.,1
summer20,2
"contradictory,",1
my,13
dear,2
watson,1
kerc2020,1
iâ€™m,1
something,1
painter,1
myself,1
hta,1
tagging,9
datamad0620,1
nmlo,5
decision,31
trees/random,2
forests,2
networks,26
convolutional,6
basic,17
phase,19
aia_tp07_mid_term_ml,1
aia_midterm_tp07_cnn,1
range,8
is2020,1
v2,22
depricated,1
dphi,1
ai-1,1
diabetes!,1
indoor,25
location,15
[ai-academy],13
Ğ¼Ğ¾Ğ´ĞµĞ»ÑŒ,1
ÑĞ»ÑƒÑ‡Ğ°Ğ¹Ğ½Ğ¾Ğ³Ğ¾,1
Ğ»ĞµÑĞ°,1
brasil,1
deprecated,6
test2,4
ë°ì´í„°ë¶„ì„ê³¼ì •_nhì†í•´ë³´í—˜_ìµœì¢…í‰ê°€,1
seoul,1
rental,8
dac,1
mini,68
w1,1
ducdatathon2020,1
ames,25
iowa,6
web,9
enthusiasts',1
club,44
nitk,1
kompetisi,24
[test],1
"(wustl,",22
sign,31
tobigs1314-kaggle_ensemble_competition,1
testbostitanic,1
chords,1
breast,25
voice,4
kemenkeu,1
drone,6
delivery,4
cis370-fall2020,1
clinton-obama,1
badge-2,1
hr,5
test-2020-08-18,1
clothes,1
cvh-ml,1
openvaccine:,1
mrna,1
vaccine,11
degradation,1
humor,1
power,44
conway's,1
reverse,14
game,6
life,13
have,1
fun!,1
defi,3
ia,27
isp,1
scientists,1
work,4
byu,10
11-785-summer-20-hw2p2-verification2,1
south,1
german,3
houston,1
postprocessing,1
reg.:,1
signal,24
noise,5
11-785-summer-20-hw2p2-verification-super-hard,1
æ³¢å£«é “æˆ¿åƒ¹æ¸¬è©¦20200827,1
just,11
dummy,9
[imdb,2
prediction],1
[delete]Â¿spam,1
ham?,1
yoyoyoyo,1
mapping,6
impact,7
policy,4
outbreaks,1
pine,1
ii,96
bonus,2
msds,1
410,1
furniture,2
identification-,1
land,15
cover,15
aia,9
åœ–åƒé«®è‰²åˆ†é¡,1
prueba,19
austral,2
cs498dl,12
svm,12
rsna,16
str,1
embolism,1
(warm,3
up),5
2020-ê¸°ê³„í•™ìŠµ,3
tp,9
univ,1
abandono,1
clientes,7
teleco,1
ba,1
11-785-fall-20-homework-1:,1
cais,2
mozilla,1
mpstme,1
vietai,5
advance,3
retinal,1
perceptron,34
lendo,1
itea,1
goal,1
softmax,24
bci,14
eeg,26
geekbrains,1
competitive,1
cdp,1
unlocking,6
solutions,1
nyu,6
csci-ga.2271,6
would,7
you,56
stay?,1
petrol,1
methylation,1
states,15
desafio,9
worcap,5
hackathonv2,1
fall2020-cmpe257-lab1,1
bikes,1
deleted,4
iiitb,22
pubg,11
finish,2
placement,2
job,28
postings,5
imc2021la1,1
exemplo,1
quora,4
insincere,2
questions,11
mercari,1
suggestion,1
ps,3
safe,3
driver,8
lenta.ru,1
body,12
morphometry,1
sarcopenia,1
restaurant,1
visitor,9
ieee,40
cis,14
bookings,1
intro,63
202009,1
coms4771,8
msd,3
dumy,1
ai2020.,2
(broken),1
megafon,2
accelerator,1
knn,6
[ml]regression,1
í˜„ëŒ€ëª¨ë¹„ìŠ¤,1
daytestcomp,1
weektestcomp,1
å°ä¸­è·Ÿä¸Šç³»åˆ—_ä½œæ¥­äºŒ_,1
ç¾å°‘å¥³,1
codeop,6
default,33
codeboss,1
question,14
dry,1
run,8
ë”°ë¦‰ì´,1
ì‚¬ìš©ì,1
ë¬¸ì œ,19
removed_1006,1
cee,6
498,26
energy,46
output,1
from,84
farms,1
project3:,1
strength,15
concrete,11
project7:,2
arrival,6
buses,1
project8:,1
measuring,1
pore,1
santander,2
product,24
ses2020_17v,1
project13:,1
food,30
trade,4
links,1
malware,20
target,24
canadian,1
ml2020fall-hw5,2
ml2020fall-hw4,3
cs4740-fall2020-p2,1
only,1
ë°ì´í„°,7
í¬ë¦¬ì—ì´í„°,2
ìº í”„,4
a2,17
round,25
practice,84
not,17
valid,2
datascience,9
nefu,1
ashrae,1
great,3
predictor,25
gis,3
weave,1
comptetion,1
semaine,1
l'ia:,1
reddit,1
layer,40
adam,15
sgd,12
score],1
starcraft,1
player,19
nfl,22
1st,17
future,14
bowl,15
2021,409
playground,102
f20,1
finished-contest,1
khu-deep-learning-competition,1
tesetbedd,1
modern,4
slavery,1
twiml,1
"rock,",6
"paper,",6
scissors,6
sufe-nlp-statistic-spring20-late-submission,1
sufenlp_later_submission_spring2020,1
day2comp,1
(stat,1
946),1
11-785-fall-20-homework-2:,1
imagenette,1
11-785-fall-20-slack-homework-1:,1
logical,17
rhythm,17
2k20,2
protein-classification-1091-fall,1
ttic31020-hw1,1
dataming86171286181classintest,1
2018_competition_1,1
atividade,1
regressÃ£o,1
pmr3508:,1
california,12
tow-mater,1
labs,25
c-u,1
bus,6
load,4
sports,6
econometrics,6
(w20),1
dummy123,1
cscie82,1
hw1:linear,1
damage,15
hubmap,8
hacking,12
kidney,19
malaria,1
parasite,1
cnns,1
paradigm,1
bristol,3
trastear,1
products,7
next,20
order,1
mkn,7
ghghjgh,1
aia_interview_cnn,1
109-1,2
probability,4
death,4
k-nn,1
ysda,1
choose,3
wizard,1
position,2
ee4708:,1
competition-(20-21),1
uiuc,15
fall20,2
mp3,6
multi-label,22
ece4110,1
mp3:,1
sda,8
eant,6
info,13
3301,1
version,7
uwaterloo,2
stat441/841,2
cosmicresearch,1
1.,1
dota2:,1
demystified,2
css-324,1
hse,42
iad,3
ttic,11
31020,5
(fall,33
small,7
inls690-270,1
sarcasm,11
mma,11
2020w,1
coke,1
cs4487-2020fall,1
kharagpur,1
group,15
selections,1
tjhsst,5
cv,30
augmentation,6
rnd-42,1
welcome!,1
fot,1
mgtu,1
summer,77
jane,6
street,11
market,24
training,61
driven,4
security,14
privacy,1
ads5035_01,1
celular,3
msmk:,1
ipq,1
uwec,2
491,2
bads,1
2020/2021,2
cs725-2020,1
ml@ub,13
lr,3
ucsd,14
caiis,1
dogfood,1
hw3:,10
answering,14
gt,29
perritos,1
11-785-fall-20-homework,3
tau,1
ethiopic,1
recunoastere,1
scris,1
mana,1
uber,8
pickups,3
type,9
pokemon111,1
11785-hw2p2-slack-kaggle,1
tÃªn,1
eecs,1
545,1
air,28
mis583,11
fit3181-5215,1
si,4
670,4
extra,11
cs194-26,6
crack,7
detection:,1
induction,1
inductions,12
made,1
hw-2,1
lg,5
camp,13
computation,1
cosmicresearchml:,1
lab03,1
ucsd-cse291-data-driven-text-mining,1
7,27
2020.ml.ì¤‘ê°„ê³ ì‚¬.ë¬¸ì œ1.ë‹¤ì‹œí’€ê¸°,1
2020.ml.ì¤‘ê°„ê³ ì‚¬.ë¬¸ì œ2.ë‹¤ì‹œí’€ê¸°,1
2020.ml.ì¤‘ê°„ê³ ì‚¬.ë¬¸ì œ3.ë‹¤ì‹œí’€ê¸°,1
2020.ml.ì¤‘ê°„ê³ ì‚¬.ë¬¸ì œ4.ë‹¤ì‹œí’€ê¸°,1
2020.ml.ì¤‘ê°„ê³ ì‚¬.ë¬¸ì œ5.ë‹¤ì‹œí’€ê¸°,1
focus,1
start,6
uw-madison,4
anÃ¡lise,22
sentimentos,17
redes,8
neurais,6
cse158/258,3
fa20,3
play,16
cse158,3
category,5
cse258,3
played,1
stt3851-fall2020,1
tiny,4
imagenet,10
deneme222,1
tsma,1
2020/21,3
edm,5
upv,1
predicciÃ³n,65
estancia,1
hospitalaria,1
stats202,1
autumn,1
imc2021la3,1
Ğ·Ğ°Ğ´ĞµÑ€Ğ¶ĞºĞ°,6
Ñ€ĞµĞ¹ÑĞ°,6
ÑĞ°Ğ¼Ğ¾Ğ»ĞµÑ‚Ğ°,6
introml,1
2020.,2
property,12
prices.,8
cs-4361/5361,2
in-class,31
language,97
park,1
porn,1
detection.,4
(1/3),1
umich,3
si650,1
ir-based,1
chatbot,11
3d:credit,2
dsba-fml:,1
foundations,1
submit,1
csv,1
utkml,5
2016,1
president,1
county,1
--,14
dsonline,1
smu,1
testin,1
202010,1
survey,6
sys,6
4021/6021,1
grid,12
stability,13
ycs1003-01,3
cifar-10,28
2020-2,1
seniors,3
a1,20
events,1
a3,18
ml_midterm_project,1
ml&dl,6
ai2020f,1
itml,1
dev,1
jungjoon,1
choi,1
ml-competition,1
43isg3301v,1
geostatistics,8
lutetia,1
mining:,5
programming,10
audit,1
ch315,1
math681,1
previsÃ£o,5
moradia,1
(2/3),1
ranzcr,1
clip,18
catheter,1
line,1
aim,5
limited,1
labeled,1
slregression2020,1
slclassification2020,1
datarobot,6
dic,1
teams,1
ml:,6
microsoft,1
zf,1
2020.ml.termproject.bow,1
aiml-2020,2
nits,1
cybersecurity,4
sdc,18
localization,68
i,49
iii,28
predicition,1
projet,7
ipl,3
Ğ»Ğ°Ğ±Ğ¾Ñ€Ğ°Ñ‚Ğ¾Ñ€Ğ½Ğ°Ñ,6
â„–1,3
gpa759,1
invalid,1
scoring,35
logreg,6
lp-series#1-nucleus,1
dm20,1
bio322,7
cricket,1
â„–2,4
ãƒ€ã‚¤ãƒ¤ãƒ¢ãƒ³ãƒ‰ã®ä¾¡æ ¼äºˆæ¸¬,1
statlearning,1
sjtu,5
1.0,24
2020.ê¸°ê³„í•™ìŠµ.í…€í”„ë¡œì íŠ¸1,1
8,32
b1,2
â„–3,1
b2,2
imint,1
1k,1
users,1
asdfg123,1
2020.ê¸°ê³„í•™ìŠµ.í…€í”„ë¡œì íŠ¸3,1
noviembre,1
dt,1
bagging,1
qualification,2
[sf],1
hw1_new,1
sweet.tv,5
tv,6
program,10
csc,1
578,1
litbank,10
Ğ¿Ğ¾Ñ€Ğ¾Ğ´,1
ÑĞ¾Ğ±Ğ°Ğº,1
cse353,2
hw6:,5
videos,4
2020-irtm:hw3,1
2020-itm:hw2,1
datascience_ml,1
cs5644,1
mg-gy,3
8413,3
(demo),4
sk[ai],3
limit,3
ğŸ’ºâœˆ,3
601,1
acea,1
smart,13
water,39
claim,1
bigdata2021-exercise1-classification,1
bigdata2021-exercise1-duplicatedetection,1
imt,1
mines,1
alÃ¨s,1
2ia,6
b3,13
csc2515f,1
read,1
11785_fall2020_hw2p2_makeup,1
flares,1
mlp,1
discussion,1
forum,1
mb,1
internal,36
trainings.,1
csc2515,1
codeml:,2
upgrad,1
rise,1
tech,15
(3/3),1
datamex2020,1
services,5
manuals,1
prml-data,5
contest-nov,1
mf-geo-hw,1
mf-mail-geo-hw,1
marks,2
(test,1
1.1),1
gs-3073-ai-course,1
9,23
mock,1
funaab,1
i.fest,1
31190,1
paraphrase,2
demo123,1
311190,1
(hard,1
version),6
(this,1
competition),1
ut,3
mlds,4
semester,1
Ğ¿Ğ¾Ğ»Ğ¾Ğ¶ĞµĞ½Ğ¸Ñ,1
ĞºĞ¾ÑĞ¼Ğ¸Ñ‡ĞµÑĞºĞ¸Ñ…,1
Ğ¾Ğ±ÑŠĞµĞºÑ‚Ğ¾Ğ²,7
fuga,1
cs456,1
20s2,1
warmup,1
patients,10
ai@kmu,1
[obsolete],1
[coe202],1
ml[2],11
mipt,11
dfdfdfdfdfdfdfdfdffdfdd,1
dm3,1
sufenlp-20fall,1
(cc4018),1
matrix,7
completion,3
223,1
roadrunner,1
hallym,6
ai-x,1
r&d,1
track0311,1
audioset,1
[leaderboard],1
ttic-31020:,1
cad,1
cÃ¡ncer,1
mama,1
10,13
hw-2:,1
clustering,46
dsir-1116,1
delitos,1
los,11
municipios,1
ny,6
count,16
santa,20
candy,6
cane,6
2018_competition_2,1
aia_testing2132,1
face,137
vggface2,3
(cv20),1
amazon,8
2018_competition_3,1
aiaç¬¬å…«æœŸæœŸä¸­è€ƒ,1
å€Ÿè²¸é‚„æ¬¾é æ¸¬,1
covid,23
2Âº,1
iml2020:,1
Ğ¿Ñ€Ğ¸Ğ¼ĞµÑ€,1
Ñ€ĞµĞ°Ğ»ÑŒĞ½Ğ¾Ğ¹,1
Ğ·Ğ°Ğ´Ğ°Ñ‡Ğ¸,1
ml-fashion-mnist,1
dataset.,1
dfe610,2
bdc101,2
english,5
vub:,1
internacional,1
interbank,1
[coe202,1
fall],1
anomaly,29
4g,1
cellular,4
[csed226-01],1
hw7-regression,1
fdu_test,1
[csed226-01]hw7-classification,1
nthu-datalab-dl-lab-14-2,1
frio,2
pupx,1
finance,27
income,7
ml-heast,1
airfall2020,1
2020q2,1
makeup,3
11785-hw4p2-fall2020,1
ws,1
20/21,1
prÃ©visions,8
consommation,8
Ã©lectrique,8
full-body,1
intrusion,1
aws,3
ì†ê¸€ì”¨,3
fewshottask,1
11785-hw1p2-fall2020,1
11785-hw3p2-fall2020,1
ë³´ìŠ¤í„´,1
ì§‘ê°’,1
2020.kisti.ë³‘ì›_ê°œ_íì—…_ë¶„ë¥˜_ì˜ˆì¸¡,1
trashss,1
kisti-sejong-winterschool-p3,1
nouvelle,1
compÃ©tition,10
15.12.20,1
ì•„íŒŒíŠ¸,1
ê²½ë§¤ê°€ê²©,1
actuarial,6
loss,1
0.00000,1
ë³‘ì›,1
ê°œ/íì—…,1
tjml,11
2020-21,3
survivor,3
demonstration,1
vinbigdata,1
chest,16
x-ray,29
abnormalities,1
store,15
jds02.homework.competition,1
ì¤‘ê³ ì°¨,1
ë§¤ë¬¼,1
íŒë§¤ê¸°ê°„,1
vislab,1
grapeleaf,1
[sc-2021],1
2020-tm:hw3-bert,1
embedding,4
massp2021-german,1
intro.,1
challenge.,1
test-kaggle,1
d-tribe,1
repealed.,1
exp,1
sec,1
ava,10
titanic:,5
supervivencia,5
donation,4
moroccan,1
darija,1
trigger,1
word,14
petro-bytes,1
uncover,1
mysterious,1
underlying,1
structure,1
structures,1
abhyudaya,1
fmap,2
bestsellers,2
udemy,2
navires,5
Ã ,5
mano,7
predictions,37
bristol-myers,2
squibb,2
â€“,20
molecular,5
translation,12
navigation,2
g2net,5
gravitational,5
wave,2
seti,2
breakthrough,2
listen,2
e.t.,2
search,2
human,49
protein,6
single,2
cell,18
shopee,4
match,7
guarantee,2
mineraÃ§Ã£o,2
tabular,141
jan,20
ul0,4
inat,4
(semi-inat,2
2021),22
fgvc8,18
ctr,9
medical,19
costs,2
dauphine,2
acquisition,2
electricity,31
consumption,20
ie,5
gadget,2
hack1,2
projeto,2
turtle&tortoise,2
old,21
models,29
11785-spring2021-hw1p2-nottouse,2
permuted,2
turtle?tortoise,2
11785-spring2021-rc0d-colab,2
ml101-task#2,2
seller,2
ltv,2
(ads),2
ustc-geo-ai20-finalproject,2
feb,5
mar,8
mgta415-data-driven-text-mining,2
geolifeclef,14
lifeclef,14
dgfgnnn,2
practice/warmup,2
bmi,2
normal,2
equation,7
jjjjjasjajaj,2
wrrrrrrrrrrrrr,2
aicore,2
flight,2
delay.,2
banana,2
01,11
(2021),12
ĞºĞ»Ğ¸ĞµĞ½Ñ‚Ğ¾Ğ²,2
0.01,2
11785-hw2p2s1-face-classification-s2021,2
11785-hw2p2s2-face-verification-s2021,2
uc,114
berkeley,107
cs189,107
(cifar-10),12
(mnist),27
(spam),38
autism,8
spectrum,2
disorder,12
cosi,2
143b,2
management,6
en.553.803,2
computing,4
(10k),2
ml2021-hw7-test,2
petfinder.my,2
pawpularity,2
offline,2
ended,2
one,2
hungry,2
geese,2
2020-2021,6
Ñ…Ğ°ĞºĞ°Ñ‚Ğ¾Ğ¼,4
ece657aw21-assignment1-iris-dataset,2
hw_3,2
upec,6
(spring,10
asrm,13
499/552,4
usos,5
del,25
suelo,9
desde,5
el,22
espacio,5
am,38
216,25
learn,14
max,5
planck,2
florida,2
11775-homework-0,2
miniproject,8
structured,2
l0,2
protonx,9
Ä‘Ã¡nh,2
giÃ¡,2
kháº£,2
nÄƒng,17
bá»‹,2
bá»‡nh,2
trong,12
nÄƒm,2
half-earth,2
fds,14
31220,4
kaggler,4
satisfaction,13
p-sat,2
26,2
seminar,5
scans,2
asdfasd1dfa1,2
<she/hacks>,2
shaastra'21,2
wells,2
fargo,2
lab-training1,2
texts,4
ctrl,5
shift,5
intelligence!,2
pttå…«å¦ç‰ˆæ¨å™“æ–‡é æ¸¬,2
free,17
pass,7
bcc,24
ĞºÑƒÑ€ÑĞ¾Ğ²Ğ¾Ğ¹,2
Ğ¿Ñ€Ğ¾ĞµĞºÑ‚,2
Ğ±Ğ¸Ğ±Ğ»Ğ¸Ğ¾Ñ‚ĞµĞºĞ¸,2
Ğ´Ğ»Ñ,2
ds,50
ucsd-dsc190-wi21-introduction,2
1.5,2
apertura,2
cdt,2
ÏƒÏ†Î´,2
11785-spring2021-hw1p2,2
test_competition,2
vrs,2
vignana,2
jyothi,2
residential,2
9th,2
11785-spring2021-hw1p2-slack,2
ml2021spring-hw1,2
math80600a,9
w21,2
testss,2
tf02:,2
flowers,5
mri,2
sustech,2
complaint,2
australian,2
ds22,2
take,2
2!,2
almau,2
salary,19
perdiction,2
ia2021,2
advnlp,2
constructive,2
comments,21
cs419(m),2
assignment-1,11
correlation:,2
exercise,6
calories,2
mds,2
macventures,2
task2,16
ist,2
commercial,2
semisupervisedlearningcifar10,2
(updated),2
commonlit,6
readability,2
prize,30
coleridge,2
initiative,7
show,14
us,10
boostcamp_upstage_2021_nlp,2
arabic,16
kaust,2
tracking,12
signaling,2
birdclef,14
hands-on,9
immune,4
institute,17
bathymetry,2
hotel-id,5
combat,5
trafficking,5
11-775,6
prama,2
ç¥è³€ä¼šç”»åƒã®åˆ†é¡ã‚³ãƒ³ãƒš,2
election,4
twitter,12
(wine),11
w21:,2
sfida,2
di,2
fine,2
corso,2
ugent-nlp-2021-competition,2
dataton,2
dataknow,2
475,14
(spring'21),6
large,11
datamad0121,2
dsir-28-project,2
mania,23
ncaam,9
ncaaw,4
spread,8
testtt,2
ft-011121,2
cohort,6
eel891,2
2020.01,2
trabalho,2
direct,2
minor,2
cmc2021,2
smoothing,2
11785-spring2021-hw2p2s1-face-classification,2
11785-spring2021-hw2p2s2-face-verification,2
usc,4
dsci552,4
32416d,2
(ps3),2
isae,2
patch,2
promotion,2
mipt-nlp-hw2-2021,2
a1:,2
proper,2
name,7
youï¼Ÿ,2
sufenlp2020fall-late,2
poezii,2
Ã®n,2
limba,2
romÃ¢nÄƒ,2
k,7
ë””ì§€í„¸,2
ë¹…ë°ì´í„°,2
2ì°¨ë°˜,2
bdc103,2
ë¹…ë°ì´í„°ì™€,2
ì •ë³´ê²€ìƒ‰,2
k-ë””ì§€í„¸,2
ë¹…ë°ì´í„°2ì°¨ë°˜,2
2021-ê¸°ê³„í•™ìŠµ,6
ÑÑ…Ğ¾Ğ´ÑÑ‚Ğ²,2
Ğ³Ñ€Ğ°Ñ„Ğ¾Ğ¼,2
sarimvshuzaifa,2
Ğ¾Ñ‚Ñ‚Ğ¾ĞºĞ°,2
Ğ¿Ğ¾Ğ»ÑŒĞ·Ğ¾Ğ²Ğ°Ñ‚ĞµĞ»ĞµĞ¹,2
(Ğ²ĞµÑĞ½Ğ°,2
imdb21,2
paseka,2
webpage,2
mie,2
1624,2
aic,2
á„‹á…¯á†«á„Œá…¡á„…á…§á†¨á„‡á…¡á†¯á„Œá…¥á†«á„‰á…©,4
á„‰á…¡á†¼á„á…¢,4
á„‘á…¡á†«á„ƒá…¡á†«,4
ml2021spring-hw2,2
river,7
flow,2
ami,2
criot's,2
iot,11
Ã¶rnek,2
yarÄ±ÅŸma,2
deepn,5
rumour,2
machina,8
doctrina,2
cs98x-dl-task2-contract-clasification,2
sp21,4
2021b,2
sce,7
diabetic,11
retinopathy,11
(titanic),11
headlines,7
datathon(advanced),2
lstm,8
syde,2
522,2
(winter,6
apr,8
may,15
jun,5
weibo,2
article,7
classifcation,2
ristek,14
iit,22
ms,5
hall,8
swiss,2
court,2
rulings,2
ece597/697,9
prÃ©dire,2
une,2
note,7
concours,7
ee359-1,2
æ•°æ®æŒ–æ˜æŠ€æœ¯,4
ncu,2
wimu,2
(verification)),2
11785,72
seq,12
taa,2
proyecto,11
(prueba),2
2nd,29
year,12
baselines,2
(recognizance-1),2
bill,2
msi,46
give,11
yahoo,4
datafest,2
2021:,16
dl:,2
(,2
),7
lines,6
scaunlp2021,6
weight,21
109-2,12
nonamecompetition,2
åœ¨kaggleåˆ›å»ºä¸€ä¸ªæ¯”èµ›,2
(aborted),2
dnn,14
2021-masters-project,2
(21),2
cmpe,2
257,2
32415d,2
(ps5),2
siim-fisabio-rsna,2
spotify,39
saas,2
cx,6
compeition,2
ml2021spring-hw7,4
estÃ¼,2
vbk,2
dataworks'datathon,2
11785-s2021-hw2p2s1-face-classification-slack,2
11785-s2021-hw2p2s2-face-verification-slack,2
ds310_project_1_competition,2
mipt-nlp-hw3-2021,2
aibd,2
"(wustl,spring",6
2021b),2
khatam,2
squad,2
ds310,2
in-class-competition,2
payment,4
rnn,11
Ğ¼ĞµÑ‚Ğ¾Ğ´Ñ‹,12
Ğ°Ğ½Ğ°Ğ»Ğ¸Ğ·Ğ°,12
Ğ´Ğ°Ğ½Ğ½Ñ‹Ñ…,16
Ğ°Ğ½Ğ°Ğ»Ğ¸Ñ‚Ğ¸ĞºĞ°,2
data.,2
minha,2
competicao,2
123,6
Ğ·Ğ°Ğ´Ğ°Ñ‡Ğ°,5
terraevolution,2
Ğ¾Ñ‚,16
Ñ€Ğ¾ÑĞºĞ¾ÑĞ¼Ğ¾ÑĞ°,2
wm2021,2
vector,10
space,17
sacm,2
aaaaaaaaaaaaaaaaaaaaaaaaa,2
few,2
shot,13
counting,27
cse512,2
spring21,4
uta,16
unm,6
multi,4
hw6,13
mds-cl-2020-21,8
563,8
iris,18
mdclassification2021,2
mdregression2021,2
mlns,2
minst,2
gen3,2
smartphone,9
decimeter,9
ma478,2
term,26
end,2
artelligence-wissenaire,2
stem,2
predcition,2
learnplatform,2
digital,20
mae,2
all,11
(copy),2
serpro,2
001-2021,2
sp,2
21,21
testtest,17
anime,5
rucode-3,2
track,39
(nlp),2
survival,25
survive?,2
las,21
ë©”ì¼,2
ë¶„ë¥˜ê¸°,2
dddddummmmmmy,2
cosc2753,2
eurecom,15
2021::,6
seizure,2
cs682-homework-5-perceptron,2
rule,2
based,25
cs682-homework-5-svm,2
cs682-homework-5-softmax,2
flat,20
Ğ¼Ğ¾Ğ´ĞµĞ»Ğ¸,6
ÑÑ‚Ğ¾Ñ…Ğ°ÑÑ‚Ğ¸Ñ‡ĞµÑĞºĞ¸Ñ…,6
technoatom.,2
technopark.,2
umass,2
589,4
ukrainian,2
lemmatizer,2
sakha,2
avito,2
allowance,2
per,2
stock,58
475:,4
generative,17
kird,4
ece5300sp21-tree,2
dsir-322,2
ì„œë¹„ìŠ¤ì‚¬ì—…1íŒ€,2
devday'21,2
f1,8
101,22
nycu,8
v1,6
vessel,14
ds26,2
pump,14
pokemon,10
pecfest,2
ee359-2,2
knsi,4
golem,4
d012554,2
slack\late,2
spring2021,2
testest,2
åŒ»å­¦å¤§æ•°æ®ç§‘ç ”å®¤ä¸€ç»„task1:kdd,2
2006,2
åŒ»ç–—å¤§æ•°æ®ç§‘ç ”å®¤ä¸€ç»„task2ï¼škdd,2
2008,2
be,10
guest,2
optiver,6
realized,2
volatility,2
(cv),2
ml4nlp-covid19,2
ner,14
expert,2
emotions,9
cose471,2
sliced,26
s00e04,2
boosted,5
higgs,5
tkrcet,2
predictionai,2
machy,2
sample1,2
radio,22
multiple,2
sensors,2
ps10,2
voice2age,2
buy,6
ml2021spring,4
hw8,2
2021agresividad,2
nlp2021agresivo,2
ventas,16
[ds-masters],7
Ğ´ĞµÑ„Ğ¾Ğ»Ñ‚Ğ°,7
Ğ·Ğ°ĞµĞ¼Ñ‰Ğ¸ĞºĞ°,7
math,19
om,2
Ñ€Ğ°Ğ½Ğ¶Ğ¸Ñ€Ğ¾Ğ²Ğ°Ğ½Ğ¸Ğµ,2
Ğ¸Ğ½Ñ‚ĞµÑ€ĞµÑĞ¾Ğ²,2
neub,2
spring-21,2
354:,2
kaist_ie343_2021s,2
semi-supervised-3,2
ml530-2021-sp-imagenet,2
ecg,12
Ñ†ĞµĞ½Ğ°,2
ĞºÑ€Ğ°ÑĞ½Ğ¾ÑÑ€ÑĞºĞ°?!,2
mse,4
1.1,2
contest-jan,2
1.2,2
hashtags,2
é€¢ç”²æ–°å°–å…µèª²ç¨‹å¯¦ä½œç·´ç¿’2,2
tutorial,6
beginners,15
naf,2
task1,19
bn,2
academic,17
"""uplift",2
"modeling""",2
(ism,2
"415,",2
chit-chat,2
encoders,2
competicion,9
fernando,2
jj1,2
mf,2
geo,2
bitamin,2
competciÃ³n,2
sesiÃ³n,2
principles,4
engineering_20210502,2
eco3119_20210502,2
unextbnb,2
p1bigdatademerlo,2
mds-misis-dl,6
photos,7
ÑƒĞ½Ğ¸Ğ²ĞµÑ€ÑĞ¸Ñ‚ĞµÑ‚,4
Ğ¸ÑĞºÑƒÑÑÑ‚Ğ²ĞµĞ½Ğ½Ğ¾Ğ³Ğ¾,2
Ğ¸Ğ½Ñ‚ĞµĞ»Ğ»ĞµĞºÑ‚Ğ°,2
health,30
prÃ¡ctica,2
susog,2
test01_502,2
fashiontest3,2
datamad0321,2
engineering_20210509,2
2021-1,8
ycs1003-02,2
argentina,2
cases,2
intern,2
syrona,2
mit,16
ml4moleng:,16
solvation,10
energies,10
assortment,2
499:,4
third,17
individual,7
(auc),4
(f1),2
mgtf495,2
spotoroo,2
20210503,2
application-failure-prediction-part1,2
Ğ·Ğ°ĞºĞ¾Ğ½Ñ‡Ğ¸Ñ‚ÑŒ,2
Ñ€ÑÑˆĞºÑƒ,2
mlb,15
engagement,2
eco3119_20210509,2
prÃ ctica1_alvar,2
pr,4
application-failure-prediction-part2,2
dlai5,2
fruits,7
categorical,7
sssso,2
mdcl,2
dla,5
fedfml,2
practisee,2
drosophila,6
embryos,6
(macro,2
f1),4
(samples,2
ruc,2
kbqa,2
sorghum,5
biomass,2
astrax,2
deneme11,2
hw2_example_setup,2
gct,2
apac,2
d&a,10
race,2
rl,2
cse465,2
can,28
startup,2
industry,12
?,18
device,2
profiling,2
phm,2
asia,5
pacific,2
creditcards,2
rate,43
severity,2
auo,2
hw:,2
fungi,2
n-way,2
k-shot,2
day1,7
sc201,9
title,7
click,6
ĞºÑ‚Ğ¾,4
Ğ¿Ğ¾Ğ±ĞµĞ´Ğ¸Ñ‚:,4
ÑĞ²ĞµÑ‚,4
Ñ‚ÑŒĞ¼Ğ°?,4
Ñ‡Ğ°ÑÑ‚ÑŒ,12
collaborative,2
ddos,2
attack,11
wood,2
largefinefoodai-iccv,2
workshop-recognition,2
liga,7
facens-,2
1Âª,2
jul,8
aug,8
sep,5
oct,8
nov,18
dec,2
precio,35
una,2
casa,2
campanha,2
465:,2
kickstarter,2
projects,2
dspt12,2
fit5149,7
è‚¡ç¥¨è‚¡ç¥¨è‚¡ç¥¨è‚¡ç¥¨,2
è‚¡ç¥¨é¢„æµ‹group1,2
acse4,2
temptemp,2
ais,11
cie5141,2
2021sp,2
hw11,2
202104,2
dsir-524-project,2
Ğ½Ğ°Ğ¹Ñ‚Ğ¸,4
Ğ¾Ğ¿Ñ‹Ñ‚Ğ½Ğ¾Ğ³Ğ¾,4
Ğ¸Ğ³Ñ€Ğ¾ĞºĞ°.,4
kirey,2
gimme5,2
unipo,2
fcis-asu,2
[cs,2
2021],2
famous,2
cryptocurrencies,12
cse144,2
homework4-part2,2
noisy,12
labels,2
long-tail,2
dist.,2
maria,2
hoster,2
Ğ²Ğ¾Ğ·Ñ€Ğ°ÑÑ‚Ğ½Ğ¾Ğ¹,2
Ğ³Ñ€ÑƒĞ¿Ğ¿Ñ‹,2
s01e01,2
11785-hw1p2-summer2021,2
(make,2
hw2p2_summer2021,2
11785-summer21-hw4p2,2
hw2p2_summer2021_classification,2
test-radboud-competition,2
wine-test,2
anÃ¡lisis,30
predictivo,21
qrm3003,2
eco3119,2
rc599,2
pdiow,2
challange,4
boolart,7
golf,6
leaves,7
res,2
backup,2
site,2
behavior,10
Ñ‡ĞµĞ³Ğ¾,2
Ñ…Ğ¾Ñ‡ĞµÑ‚,2
Ğ¿Ğ¾ĞºÑƒĞ¿Ğ°Ñ‚ĞµĞ»ÑŒ?,2
frozen,4
lake,4
trajectory,17
benchmark,27
iab,7
challenge1,2
interview:,2
binary-classification,2
platforms,2
st4,4
uit,2
ds200.l11,2
beginner's,6
mate06:,2
pets,2
s01e02,2
dfc615(00),2
prometheus,2
st4035_2021_inclass#1,2
unlearnable,12
suspicious,2
objects,6
what,26
sky?,2
bird,26
watch,10
ds28,4
"3301,",2
412,2
434,5
ban,2
502,2
shark,2
tank,2
test-ai-final_test,2
2021é«˜çº§ç¼–ç¨‹æœŸæœ«ä½œä¸šï¼š4g,2
æ‰‹æœºè¾å°„æºæ•°æ®åˆ†æ,2
galaxias-test,2
talpiot,2
s01e03,2
scau-nlpè¯¾ç¨‹ä»»åŠ¡3,2
ai2021-1-mlr,2
datamaestro,2
acoustic,30
el4106,2
parte,2
0,4
aquatic,2
animals,2
ece,11
657a,4
dkma-covid-s21,4
uni,6
procesamiento,2
imÃ¡genes,2
ê¸°ë§ê³ ì‚¬,5
í…ŒìŠ¤íŠ¸_sejonguniv_v2,2
rn2021q1,2
competation,2
evc,2
c,6
testtesttest,7
brands,2
brain,22
ventilator,2
pressure,2
202106,2
05,2
viral,8
softec'21,2
artificial,57
datacup,4
s01e04,2
splendee,2
rsna-miccai,2
tumor,8
radiogenomic,2
s01e05,2
s01e07,2
s01e08,2
"s01e09,",2
playoffs,4
"s01e10,",2
"s01e11,",2
semifinals,2
"s01e12,",2
championship,7
[benq,4
materials,16
corp]cnnå¯¦æˆ°æ¼”ç·´,2
m4101,2
analyse,2
sentiments,2
testingathon,2
corp]cnnå¯¦æˆ°æ¼”ç·´2,2
datern,5
wikipedia,2
image/caption,2
matching,24
3rd,21
dial,4
2021summer,2
label,2
2021-rcv-urp-cnn-tutorial,2
setiment,2
competiton,2
Ñ†ĞµĞ½Ñ‹,6
Ğ½Ğ°,6
Ğ´Ğ¾Ğ¼Ğ°,2
Ğ¼ĞµĞ»ÑŒĞ±ÑƒÑ€Ğ½Ğµ,2
11785-2021fall-hw1p2-testing,2
hand-written,7
s01e06,2
catsvsdogs,2
mask,8
(internal),2
facemaskdetection,4
ds27,2
#3,10
maquinas,2
weightage,4
testetststet,2
cowboy,2
outfits,2
Ñ†Ğ¸Ñ„Ñ€Ğ¾Ğ²Ñ‹Ñ…,2
Ñ‚ĞµÑ…Ğ½Ğ¾Ğ»Ğ¾Ğ³Ğ¸Ğ¹,2
Ğ¿Ğ»Ğ°Ñ‚Ñ„Ğ¾Ñ€Ğ¼Ğ°,2
weightage2,2
ai_110_1-hw1,2
whether,2
private,6
subs,2
hidden,2
dm,11
para,22
ingenierÃ­a,7
procesos,7
mlhep,4
ds29,2
stats2,2
æ•°æ™ºç¬¬äºŒå‘¨åŸ¹è®­-æƒ…æ„Ÿåˆ†æ,2
frontiers,2
flatiron,2
bake,2
off,2
Ğ¾Ğ¿Ñ€ĞµĞ´ĞµĞ»ĞµĞ½Ğ¸Ğµ,5
Ğ²Ğ¸Ğ´Ğ°,2
Ğ´Ğ²Ğ¸Ğ¶ĞµĞ½Ğ¸Ñ,2
Ñ‡ĞµĞ»Ğ¾Ğ²ĞµĞºĞ°,2
velocidad,2
viento,2
hsgs,5
essay,7
toy,2
hw1p2,14
[taiwan,2
mobile]mlå¯¦æˆ°æ¼”ç·´,2
psut,8
11785-2021fall-hw2p2-classification-testing,2
aida_434,2
dapt4,2
chaii,2
hindi,2
tamil,9
lux,27
mathsee,2
dspt13,2
subscriptions,7
porto,2
seguro,2
hw3p2,2
iust,6
asg3,2
amylie,2
beat,9
your,21
skills,11
æ•°æ™ºç¬¬ä¸‰å‘¨åŸ¹è®­-å…³ç³»æŠ½å–,2
solution,8
#2,10
instagram-famous,2
examen,22
ap,2
iste,9
kagglethon,4
else,2
dsi-flex,2
safety,6
helmet,2
sartorius,2
11785-hw4p2-test,2
l1,7
civilium,2
aiu,2
11-785,5
intro-to-colab,2
technist,2
2gis-cspdarknet53,2
ds30,2
morphometry:,5
skill-branch,2
techx,2
cap,6
394,2
exercÃ­cio,2
dados,2
hbap,2
dsp,2
beyond,22
fordham,6
ë”¥ëŸ¬ë‹,2
ì…ë¬¸,2
inductions'21_dsai_fy_classification,2
ĞºĞ°Ğº,4
Ñ€Ğ°ÑĞ¿Ğ¾Ğ·Ğ½Ğ°Ñ‚ÑŒ,4
ÑĞ¼Ñ‹ÑĞ»,4
Ñ‚ĞµĞºÑÑ‚Ğ°?,4
xenophobic,2
inductions'21_dsai_fy_regression,2
fit5212,2
tp5,2
radiance'21,2
dataprix,2
ul,2
msc,2
mla,2
cafÃ©,2
bytes,2
ml4e,2
trees,26
aggregate,10
planning,10
privat,2
fit5215,2
s2,13
fit3181,2
725,12
up,9
continued,2
creator,2
school:,2
step,11
02,6
green,2
boxes,2
competition_v2_202108,2
sta,2
582,2
pms,2
h2,2
part1,4
3.,2
epam,2
iiit-d,2
abusive,4
identiication,2
capstone,9
2022,554
applai's,4
hw2p2-classification-fall2021-test,2
11785-fall21-hw2p2-classification-test2,2
(problem,4
a),2
æ•°æ®æ™ºèƒ½ç»„ç®—æ³•åŸ¹è®­-nlpè¯„æµ‹,2
flats,4
fourth,2
sesgos,2
snli,2
ananikovlab,2
admissions,2
b),2
gmu,8
cs747,2
747,6
shortfall,8
x5-mipt,2
aaadasdadas,2
prueba12345,2
crime_learn,2
dnnì„,4
ì´ìš©í•œ,11
int303,7
idl-fall21-hw1p2,4
idl-fall21-hw1p2-slack,2
adml-class,2
0th,2
cashier,2
pay,6
rutgers,19
cs461,4
regularization,7
beginner,6
latihan,2
widshiroshimaãƒ‡ãƒ¼ã‚¿ã‚½ãƒ³ã€åºƒå³¶ãƒ•ãƒ¼ãƒ‰Ã—éœ€è¦äºˆæ¸¬ã€,2
Ñ€ÑƒĞºĞ¾Ğ¿Ğ¸ÑĞ½Ñ‹Ñ…,2
Ñ†Ğ¸Ñ„Ñ€,2
emg,2
binary,148
ĞºÑƒĞ¿Ğ¸Ñ‚,2
Ğ½Ğµ,2
ĞºÑƒĞ¿Ğ¸Ñ‚?,2
123fgdgdfgdfg,2
jun21,2
cmpe_257,2
lab1,2
bkai-igh,2
neopolyp,2
g-research,2
crypto,26
birth,9
(fcis),2
neuroml,5
apple_test2,2
bme,2
bprof,2
adatalapÃº,11
rendszerek,11
labor,2
çŠ¬ã‚’åˆ†é¡ã›ã‚ˆ,2
"cshse,",2
"2021,",2
cifar,23
2021q2,2
19_gqvci_1,2
(uiuc),8
ebæ•°æ®ç§‘å­¦å®¶æŒ‘æˆ˜èµ›,2
spbu,2
ml-1,2
dsir-830,2
21_zmvji_2,2
22_lvqqy_2,2
23_cxxde_1,2
2021-03,2
11_ltjrs_3,2
aipi350,2
icshm2021,14
p2,10
spall,2
rebar,2
state,2
test0917,2
ef-autumn-1,2
',2
recommended,2
Ğ·Ğ°Ñ‡ĞµÑ‚,2
ÑĞ»ÑƒÑ‡Ğ°Ğ¹Ğ½Ñ‹Ğ¼,2
Ğ¿Ñ€Ğ¾Ñ†ĞµÑÑĞ°Ğ¼,2
4740,2
fa'21,2
(math498),2
regression.,2
tutors,8
expected,2
results,7
classification.,5
hw2p2-verification-ta-fall2021,2
sentimento,9
dsf,5
gta,5
datamad0821,2
cisc873-dm-f21-a1,4
tnui,2
dsir-907,2
p1,4
structural,2
ku,5
ta,2
duplicate?,2
pÃ³s,2
ifg,2
hw3p2_tatest,2
if4074,11
praktikum,58
epf,10
montpellier,12
ai511ml,2
tas,2
miedu,2
don't,2
join,2
compettion!!!,2
202108,2
inclinaciÃ³n,11
arbolado,11
publico,6
mendoza,11
mtp-rw,2
caltech-256,2
iniciando,2
con,20
(w21),2
past,2
idl-fall21-hw2p2s1,2
umanitoba,2
idl-fall21-hw2p2s1-face,4
idl-fall21-hw2p2s2-face,4
cooking,2
cook-time,2
recipe,2
(multiclass),2
bt4012,2
(2021,2
october),2
Ğ¸Ğ½ÑÑ‚Ğ¸Ñ‚ÑƒÑ‚,10
Ğ±Ğ¸Ğ¾Ğ¸Ğ½Ñ„Ğ¾Ñ€Ğ¼Ğ°Ñ‚Ğ¸ĞºĞ¸,10
21/22.,5
ÑĞ¾Ñ€ĞµĞ²Ğ½Ğ¾Ğ²Ğ°Ğ½Ğ¸Ğµ,10
nba,13
tubes,2
sprint,19
idl-fall21-hw2p2s1-face-classification-toy,2
idl-fall21-hw2p2s2-face-verification-toy,2
int528,2
ca2,4
dsi,2
comp.,2
indore-datathon-2021,2
ml-hackathon,4
hw5:,2
Ğ´ĞµÑ‚ĞµĞºÑ†Ğ¸Ñ,2
Ñ€Ğ°Ğ·Ğ³Ğ¾Ğ½Ğ½Ñ‹Ñ…,2
Ğ½Ğ¾Ğ²Ğ¾ÑÑ‚Ğ½Ñ‹Ñ…,16
ÑĞ¾Ğ¾Ğ±Ñ‰ĞµĞ½Ğ¸Ğ¹,2
2k21,6
cars24,2
neuronales,2
caltech,5
256,2
2021.,6
homework1.,2
multiclass,15
(intro-nn),4
gganbu?,2
beans,7
random,15
boot,12
beating,2
compass,2
(part,20
ii),5
paradigms,2
110-1,10
ee,15
cs6271,2
extended,26
nlp-243-f21,2
core,2
relation,2
4611,4
leaderboard,7
cs470,2
test_hondalab,2
utkonos,2
baskets,2
stat4706,2
fall21,2
honda_lab_test_r2,2
hw1_test,2
merry,2
montage,2
f21:,2
difficulty,2
datalabcup1:,2
edge,5
(dt),2
tensorflow,5
help,11
protect,5
barrier,2
reef,2
dslab,2
f21,2
segundo,2
cidamo,4
22,22
iitg.ai,4
2021-22,7
stat6031,2
gb,5
ucl,11
society,6
stads,2
mini-challenge,2
feedback,8
evaluating,2
student,47
writing,14
icnoc,2
topics,4
sistemas,4
embebidos,4
temp24,2
probando,2
ficheros,2
ÑƒĞ·Ğ½Ğ°Ğ¹,2
Ğ³ĞµÑ€Ğ¾ĞµĞ²,2
ÑĞµÑ€Ğ¸Ğ°Ğ»Ğ°,2
"""Ğ´Ñ€ÑƒĞ·ÑŒÑ""",2
Ñ,2
Ğ¿ĞµÑ€Ğ²Ñ‹Ñ…,2
ÑĞ»Ğ¾Ğ²,2
stt3851-fall2021,2
[blg561e],4
analysts@emory,2
classification-slack,2
verification-slack,2
contest-jul,2
tinkoffai-cv-ocr,2
education,13
Ñlassification,5
oil,5
gas,2
fields,2
albums,4
pandemic,2
conversion,10
inf554,2
h-index,2
cisc873-dm-f21-a3,2
ham,2
mashtots,6
classificator,4
isup,2
"""clever""",2
dropping,2
out?,2
aip2,2
ai7005-00,2
fifaì—ì„œ,2
ì œê³µí•˜ëŠ”,2
statusë¡œ,2
ì„ ìˆ˜,2
ì‹¤,2
ì´ì ë£Œ,2
math498:,2
honda_lab_v3,2
dai_5004_01_amldl_competition,2
2021ë…„,2
í¬ë¦¬ì—ì´í‹°ë¸Œ,2
ì˜ˆì„ ,2
(í—¬ìŠ¤ì¼€ì–´),2
testofweight,2
sbs-pucp,6
2021-01,6
competencia,51
sobre,6
äººå·¥æ™ºæ…§æ¦‚è«–åˆ†çµ„ç«¶è³½,5
execom,2
éƒ‘å¤§ä¿¡å·¥aiä½œä¸šä¸€ï¼šè‡ªè¡Œè½¦ç§Ÿç”¨é¢„æµ‹,2
x-hec,2
"wrong,",2
ppke,2
itk,2
(otp),2
data-x-hyperparameters-fall-2021,2
data-x-ensembling-fall-2021,2
ds33,2
datathon_backus_001,2
lendingclub,15
(dsm,2
"rc,",2
"(wustl,fall",5
cost,9
company,18
application,6
(lnu,2
2022),26
ycs1003,5
2021-2,2
homework2-ver2,2
4622,2
vcxzvcxzv,2
sk,5
engineer,5
110-1-ntut-dl-app-hw2,2
data_analytics_assign,2
esda,5
nilm,5
ì „ì,8
ìƒê±°ë˜,8
ë¬¼í’ˆ,8
ë°°ì†¡,8
ì˜ˆì¸¡(ë¶„ë¥˜),8
2o,2
ejercicio,2
mais,9
202,10
cisc873-dm-f21-a4,2
languages,10
utkml:,2
mushroom,12
chapter,2
social,11
media,15
ai-med,2
kucc,2
nÃ³madas,2
digitales,2
543,4
2021):,4
mp4,4
rob535,2
irvine,2
cs178,5
dropout?,2
datalab,41
cup2:,2
iml2021,2
option,13
donate?,12
much,6
alumni,2
601.464/664,2
intelligence:,2
pds,2
sejongai.í…€í”„ë¡œì íŠ¸.[ê¸°ì˜¨ì—,2
í•œê°•,2
ê³µì›,2
ì£¼ì°¨ì¥,2
ì´ìš©ììˆ˜,2
ë°ì´í„°ë¥¼,17
í˜„ì‹¤,2
ê°€ì¹˜,2
ìƒí’ˆ,2
ì´ë¯¸ì§€,12
athens,7
cs4487,2
bean,2
part2,2
2021fall,4
ne,2
pas,6
utiliser,2
catalog,2
intact,2
ì±„ì†Œë¥˜,2
ê°€ê²©ì—,2
ìœ„ê¸°ë‹¨ê³„,2
socio-economic,4
forecasts,4
slack:,2
ces117v,2
critical,8
semiconductor,2
temperature,22
drug,14
discovery,2
coding,10
éƒ‘å¤§ä¿¡å·¥aiä½œä¸šä¸‰ï¼šæ–‡æœ¬æƒ…ç»ªåˆ†æ,2
tp6,2
éƒ‘å¤§ä¿¡å·¥aiä½œä¸šäºŒï¼šè‹±æ–‡å­—æ¯è¯†åˆ«,2
á„’á…¢á†¼á„Œá…¥á†¼á„ƒá…©á†¼á„‡á…§á†¯,2
á„á…¥á„‘á…µ,2
ì†Œá„‡á…µá„‹á…µá†«á„€á…®,2
ì†Œí”„íŠ¸ì›¨ì–´,2
ì·¨ì•½ì ,2
ì‹¬ê°ë„,2
maize,2
cropping,2
chiapas,2
quarto,2
ddasdasd,2
housepricingtg2021,2
ì–‘íŒŒê°€ê²©ì˜ˆì¸¡í•˜ê¸°,2
das,5
angkatan,2
updrive,2
trading,24
used,33
cars,12
mrs,6
ds01,2
tutorial:,2
al,10
ucla,12
stats101c2021-lec4,2
204456-21s2,2
accelerometer,2
gesture,14
njunn2021-hw3,2
demo-mic,2
fall2021:,2
data101,15
fall2021,6
assignment11,5
testing-leaderboard-reveal,2
clasificaciÃ³n,23
polytech,4
ig5,2
esb,2
l2,2
ç¬¬1å›kaggleå‹‰å¼·ä¼š,2
intoml,2
Ğ¿ĞµÑ€ĞµÑĞµÑ‡ĞµĞ½Ğ¸Ğ¹,12
Ğ¼Ğ½Ğ¾Ğ¶ĞµÑÑ‚Ğ²Ğ°Ğ¼Ğ¸,12
coches,2
segunda,2
stats101c2021-lec3,2
deeplearning2021project,2
l3,2
ì„±ì¸,7
ì¸êµ¬ì¡°ì‚¬,7
ì†Œë“,7
recurrent,2
feeling?,5
12,15
(cv21),2
202111,2
kilns,2
ì í•©ë„,2
plaksha22,2
cm005,2
structure-free,10
protein-ligand,10
affinity,10
hunau,2
transactions,2
tinkoffai-nlp-fs,2
cs5785,2
dragon,2
ucu,2
medml-mic,2
moscow,2
classificaÃ§Ã£o,12
texto,2
ë”¥ëŸ¬ë‹ê¸°ì´ˆë°ì‘ìš©,2
ê¸°ë§,2
fundamentals,2
deeplearning2021competition,2
stats,17
101c,8
2021-lec4,2
2021-lec3,2
lithology,2
blueprint,2
idao,2
2022.,11
insomnia,2
cusco-pucp,2
2021-02,2
ataque,2
corazÃ³n,2
cisc873-dm-f21-a5,2
sufenlp-21fall,2
intermedio,2
electric,18
production,15
airplane,2
direction,12
tour,2
dm2021,2
isa5810,10
lab2,13
tinkoffai-recsys,2
temple,2
sinkhole,2
2021-nycu-ml-hw5,2
gse,4
524,4
cah,2
representations,2
csc311,5
datainception,2
v2.0,5
2021-2022,15
datamad1021,2
homework3,5
egris,2
13,5
6th,2
idss-ai,2
agriculture,25
datamad1021-rev,2
similar,2
ntu_dsp2021_part1,2
introml2021nccucsp22v2,2
da,2
postcomp,2
viet,2
nam,2
suedkurier,5
articel,5
hu,2
datathon2021,2
gdsc-hics-machinelearning-hackathon,2
taiwanese,8
à¸›à¸£à¸°à¸¡à¸²à¸“à¸à¸·à¹‰à¸™à¸—à¸µà¹ˆà¹„à¸Ÿà¸›à¹ˆà¸²,2
late,7
ntu_dsp2021_part2,2
ch-315,2
understanding,18
cartesius,2
110nycupython,2
2021-linear,2
homework2.,2
deepfake,32
kmaexam2021,2
dmcd,11
track1,2
fmk,2
musical,4
track2,2
pretruc,2
essai,2
tututu,2
person,2
dark,2
m,2
ms6032,2
dsir-1129,2
evgezoh,2
dtw,5
lcss,2
self-promotion,2
dive:,2
æµ·å—è„‘æœºæ¥å£ç«èµ›,5
cup3:,13
caption,13
driving,10
bigdata2022:,4
stocks,16
rms-titanic-01,2
(classes),5
autotagoffensive,2
autotagspam,2
Ğ¿Ñ€ĞµĞ´ÑĞºĞ°Ğ¶ĞµĞ¼,2
Ñ„Ñ€Ğ¾Ğ´!,2
3d,28
conv,2
my_team,2
oscar,2
predictions-probabilities,2
winning,2
2021/22:,2
prediÃ§Ã£o,2
insuficiÃªncia,2
cardÃ­aca,2
idl-winter-hw2p2s1,2
idl-winter-hw2p2s2,2
idl-winter-hw3p2,2
robi,2
idl,2
idl-winter-hw5,2
pog,2
monthly,7
äººç‰©è‡‰éƒ¨ç…§ç‰‡çŒœæ¸¬å¹´é½¡,2
orbit,5
propagation,5
rain,7
chiangmai,2
mental,17
2022-rcv-winter-urp,2
à¸à¸²à¸£à¸ˆà¸³à¹à¸™à¸à¸”à¸§à¸‡à¸”à¸²à¸§,2
hands,2
electrical,2
france,2
kmit,2
kmit-exercise-i(iris),2
happywhale,3
whale,8
dolphin,3
gi,3
tract,3
caisx,3
cse/stat,11
416,11
22sp,3
h&m,3
recommendations,10
ubiquant,3
testtestsetset,3
gnss,9
pseudorange,3
error,3
los/nlos,3
fgvc9,12
lakeheadtestcompetition,3
ruatd,6
(binary,3
task),6
ai-kfm,3
frame-level,24
automatic,61
(asr),23
attention-based,17
(multi,3
affective,3
randomm,3
cic,11
cic1.0,3
testing123,3
goodreads,7
books,7
ml@imperial2022.,3
86191-2æ•°æ®æŒ–æ˜è¯¾å†…ç«èµ›,3
ustc-geo-ai21,3
nbme,3
clinical,3
notes,3
youtube,3
video,35
likes,7
(pog,3
#1),3
poisonous,20
non,6
mushrooms,16
kick-off,3
insulator,3
defect,13
hckt02,3
wrangling,3
cup4:,6
datasets,11
ustc-geo-ai21-12,3
u.s.,3
patent,8
phrase,6
build:,3
build,11
pandan,6
"hw2,",6
10316,12
(jan,12
22),3
scrabble,6
point,3
value,12
enka,3
rm,3
loan,45
exml-prelims-task-1,3
exml-prelims-task-2,3
urban,13
"hw1,",6
10:,6
â˜¢ï¸radon,6
(old),3
claims,8
olympics,7
aist4010-spring2022-a0,3
synthetic,13
butterflies,3
7543e9417141b76b0c555c6b6a53f6f9,3
lll,3
tu,3
graz,3
arm_202201_01,3
community,6
ntro,3
sbu,6
aircraft,3
gdsc,24
outr,3
olympiad,242
arabic_poems,3
dspt-14,3
crop,7
17:,3
ğŸ“½ï¸movie,3
check,3
leaderboards,3
2021/2022,3
rotated,3
coins,3
ml_hw7,3
deepshare_nlpstarter,3
toilet?,6
right,9
one.,6
lid,3
coep,3
dsai,9
fys,3
21-2,3
dru,3
kaist_pd,3
icl2022-jet,3
fungiclef,3
olympiad:,3
malaysia,8
24:,3
ğŸ’diamonds,3
hw1:,3
audio-based,10
ucsb,6
cs165b,3
nytfug,3
olympiad-,13
epidemiolÃ³gico,3
guatemala,3
tentative,3
aist4010-spring2022-a1,3
netflix,3
appetency,3
test-kt,3
epitope,3
vectors,3
nsut,7
201,3
platform,3
cb,3
let's,6
lung,3
hausa,7
landscape,8
orange,8
issatso,3
[uts,3
advdsi,3
22-02],3
agrisol,3
tamkeen,8
fund,3
granted,3
enter,3
30-22:ğŸŒŒstellar,3
official,3
bmlb,3
ivar,3
sta582,3
genap,3
444,40
1-perceptron,7
1-svm,7
1-softmax,7
Ğ¼Ğ¸Ğ½Ğ¸-Ñ…Ğ°ĞºĞ°Ñ‚Ğ¾Ğ½,3
â­ï¸,3
genome,3
sequences,3
tsa,6
good,20
well,3
being,3
preserving,3
north,8
african,7
culture,3
pti,3
forecasting1,3
birdso,3
satellite,8
hckt03,3
iit-g-hackathon,3
intra,3
competetion,11
test-platform,3
ucsd-dsc190-wi22-introduction,3
diamantes,9
mat,3
443,3
11785-s22-hw2p2s1,3
bridge,16
implicit,3
2.14.22:ğŸ¿netflix,3
dsr-b29-minicomp,3
relu,14
2.21.22ğŸ›’shop,3
2.7.22ğŸ‘‚phonemes,3
sigmoid,14
three,6
devfest21,3
yosemite,3
jpx,3
tokyo,3
exchange,12
cisc-873-dm-f22-a1,3
competition_zero2022winter_classification(escape)),3
fst,3
21/22,12
graded,3
ml2022spring-hw2,3
simple,7
-100,3
cultivar,3
fgvc,3
spaceship,35
techsoc,3
roadmaps,3
exÃ¡men,3
2022q1,3
excellence,3
award,3
(phase,3
kore,6
cat,25
test-for-fun,3
expectancy,7
189,6
snakeclef,3
(sit,3
Ã—,3
ds)in-lecture,3
map541-2021-2022,3
hw2p1:,3
video-based,13
mlrw,3
biomedical,3
hw2p2:,3
khu_dnn_seminar,6
phys591000,10
week04,3
week05,3
2-2,3
2-3,3
cs98x-22-dl-task1,3
menâ€™s,3
women's,3
+,13
hpa,3
systÃ¨mes,13
recommandations,13
ucs654,3
lab-2,3
(kaggle,3
hack),3
[deleted,3
competition],3
sufenlp-21fall-late-submission,3
prices'22,3
late/slack,3
shoreline,3
aaaaaaaa,8
cs273a,3
"uci,",6
neuro,3
technologies,6
w22:,3
tweeting,3
bankruptcy,6
crypt,3
compet,3
plants,3
southeast,3
ee4211-segmentation,3
scet,3
disaster,42
scb,3
datawiz,7
cive,12
6358,12
"hw6,",3
ensembles,3
à¸à¸µà¹ˆà¹†,3
à¸§à¸±à¸™à¸™à¸µà¹‰à¸§à¸±à¸™à¸­à¸°à¹„à¸£,3
test4fun,3
telecom,163
ironhack,3
potential,13
spammers,3
fiverr,3
useless,6
isae-supaero,3
tobigs17,3
ensemble,8
csu-ai-inclass-nlp,7
algorithmics,3
ee4211-det,3
ee4211-seg,3
teenmagi-2022,3
ocean,16
eddy,3
ml2022spring-hw4,3
ultramnist,3
mapple's,3
metric,3
comp998877,3
4300/5500,6
knight,3
funml,11
(ood),3
2.28.22:ğŸ¦ bacteria,3
cml2,3
length,8
stay,6
anymore,3
aist4010-spring2022-a2,3
å¤§æ•°æ®ä¸æ•°æ®æŒ–æ˜2022-æ¼”ä¹ ,3
foobar,6
6.0,6
co2,11
emissions,15
6.812/6.825,3
cs98-22-dl-task2,3
multimodal,18
fusion,10
cs444,23
sp22,6
tobigs17-nnadv,3
melody,3
w22,3
hwk2,3
ml2022spring-hw3,3
cs98x-22-dl-task2,3
laptop,23
Ğ¼Ğ°ÑˆĞ¸Ğ½Ğ½Ğ¾Ğµ,3
Ğ¾Ğ±ÑƒÑ‡ĞµĞ½Ğ¸Ğµ,15
prediction'22,3
hckt04,3
æ•°æ™ºnlpç»„2022ç¬¬ä¸€é˜¶æ®µè€ƒæ ¸,3
æ•°æ™ºnlpç»„2022ç¬¬ä¸€é˜¶æ®µè€ƒæ ¸è¿›é˜¶,3
chemical,7
chemplus,3
æ¸¬è©¦ä½¿ç”¨_1,3
sdp2022,3
scholarly,3
knowledge,12
generation,18
spain,3
traveling,6
salesmen,3
(public!),3
3.7.22ğŸ§¬genomics,3
wi-fi,9
(wild-v2),6
msu,8
lab1-minist,3
cisc-873-dm-f22-a4,3
110-2,21
[Ğ¼Ğ³Ñ‚Ñƒ-2022.,3
Ğ²ĞµÑĞ½Ğ°],3
Ğ´Ğ·2.,3
resnet,3
com2028,3
minst-ynu,3
mff,3
[ai,11
tempo,6
run],6
song,6
lyrics,6
micro,43
course1(regression),3
titantic,3
ynu-mnist,3
perfomance,3
wandb,3
portugal,8
aii2022:,3
conference,3
(www.aii2022.org),3
mipt-nlp-hw2-2022,3
ml-i3,3
21-22,9
elemeno,3
sf,3
hacks,11
corrected,6
otm,6
714,6
asoul,3
classification(asoul,3
å›¾åƒåˆ†ç±»),3
members,3
kinghocas,3
heart,54
photovoltaic,3
2022:,18
trip,8
destination,3
pricing,12
scioly,6
pre-tournament,6
iisc,7
da224o,3
321,3
beta,6
echo2022,3
æµ‹è¯•-fxw,3
large-scale,3
(lead),3
elan,3
doctrinas,6
effective,3
arguments,3
[èª²ç¨‹:,3
äººå·¥æ™ºæ…§introduction,3
intelligence],3
paddy,6
doctor:,3
[eestech,3
challenge][local,3
round][lc,3
aveiro],3
testcomp32,3
american,15
express,11
command,3
zzzzzz,3
fraud_detection'22,3
æ£®æ—ç¨®é¡é æ¸¬,6
table,3
fan,3
dilemma,3
blood-mnist,7
w&b,50
(slack),61
726/419,3
q3,3
salesman,3
russian,7
cities,3
congressional,3
unifesp,6
ì¬ë°°í™˜ê²½,3
ë³„,3
ì‘ë¬¼,3
ì¢…ë¥˜,8
fatty,3
liver,3
ia2122,3
(full,7
time),19
procom'22,3
machathon,3
3.0,8
(linear,6
regression),6
foursquare,3
chi,3
squarex,3
interns,3
shortlist,3
<ignore>,3
pthrp,3
result,7
aacc,3
annual,3
meeting,3
ml_assignment_cl-ii_lab_task2_part1,3
ml_assignment_cl-ii_lab_task2_part2,3
cci,8
-1d,3
nonenone,3
an,30
out-of-distribution,3
korea,3
nitro,12
processing,36
beauty,3
å†æ¬¡æ¸¬è©¦ä¸€æ¬¡19åˆ°åº•æ˜¯...,3
iba,3
Ğ°Ğ½Ğ°Ğ»Ğ¸Ğ·,3
Ğ²ĞµĞ±-Ğ´Ğ¾ĞºÑƒĞ¼ĞµĞ½Ñ‚Ğ¾Ğ²,3
3.28.22ğŸªvenus,3
mars,3
(jhu),3
hw2:,12
tw,21
indian,11
railways,3
aist4010-spring2022-a3,3
course3,10
(mf),10
ml2022spring-hw8,3
csu-ai-inclass-nlp-2022-emotion,3
quiero,6
un,15
credito,13
vmware,3
zero-shot,7
university-of-stavanger,3
Ñ‚Ğ¸Ñ‚Ğ°Ğ½Ğ¸Ğº,3
airline,9
fmi,3
su,7
2/2022,3
wissnaire,3
competition4454,3
home's,3
topic,15
gate,3
road,17
naivebayes'22,3
artelligence-wissenaire'22,3
ĞºĞ²Ğ°Ñ€Ñ‚Ğ¸Ñ€Ñ‹,3
Ğ±ĞµÑ€Ğ»Ğ¸Ğ½Ğµ,3
ih,13
booking,16
cosc,3
6389:,3
4.2.22:ğŸ“ˆcrypto,3
gaze,3
zone,3
2022æ•°æ™ºæ·±åº¦å­¦ä¹ ç»„æœ€ç»ˆè€ƒæ ¸,3
4.4.22ğŸ“ˆcrypto,3
hackthon,3
gem,3
5710,3
petrie,11
eestech,6
challenge:,28
2022-01,3
biological,6
phenotype,3
ai4code,3
understand,3
notebooks,9
testcomp12355,3
2022é›»è…¦è¦–è¦ºä½œæ¥­2,3
transformer,3
mpc,7
m1,7
vkcv_2022_contest_01:,3
tesdtffff,3
datahunt,3
svc,3
hckt05,3
sorcerer,3
age,63
ml-thon,3
2022-1,12
(cnn),12
predict-y,3
gamer's,3
negative,3
chat,3
recognition(æ¶ˆææ¸¸æˆèŠå¤©å†…å®¹æ£€æµ‹),3
ml2022spring-hw7,3
y-prediction2,3
uet,3
cs482-homework5-perceptron,3
experiment,48
mission1,3
cs482-homework-5-softmax,3
cs482-homework-5-perceptron,3
dcase,3
pelatihan,3
bgudrugchallenge2022,3
2022::,9
uwi,3
mushorooms,3
gdsc_damnhour,3
denoising,3
shabbypages,3
asdfasdfasdfasdfasdfasdfasdf,3
datamining-,3
aia_ç‰©ä»¶åµæ¸¬å°ˆç­_å½±åƒåˆ†å‰²å°ˆé¡Œ2,3
iem,3
mid,3
ds36,3
review,31
mipt-nlp-hw3-2022,3
ml2022spring-hw11,6
ds-2022.,6
110,6
(mandatory),3
ais117v,3
s1,3
"honest,",3
think,3
image?,3
ÑÑ‚Ğ¾,3
Ğ½Ğ°ÑˆĞ°,3
ĞºĞ¾ÑˆĞºĞ°,3
Ğ¸Ğ·,3
Ñ‚Ñ€ĞµÑˆĞºĞ¸,3
tah,3
2k22,12
cholera,8
deaths,8
hackschulich2022,3
aviakompaniya,3
cqupt,3
bologna,3
biases,15
inf648-pucp-2022-01,3
maestrÃ­a,3
informÃ¡tica,3
csx,3
automÃ¡tico-pucp-2022-01,3
"2022,",6
entrenamiento,3
modelos,24
rule-based,3
ucc,3
"clips,",3
clips,3
y,7
mÃ¡s,3
clips..,3
learning(prml),3
hackathon-2,3
cusb,3
cme250,3
dataquest,10
fe,3
se,12
r2,6
te,3
hosting,3
competion,3
cisc6000,21
356,3
robotics,3
ex3,3
ramen,3
scp,3
cmmi,3
v1.3,3
issues,7
04.2022,3
cervical,3
spine,8
fracture,3
bigdatatest1,3
ds005,3
universal,3
inf389-pucp-2022-01,3
rayos,6
neumonÃ­a,6
upvotes,3
ddb,3
inhouse,3
sorcerer's,3
scotland,3
meetup,3
dcu,3
nlp2022agresivo,3
detect-yawning,3
hello,3
people,3
pnevmoniya,3
aviachipta,3
narxini,3
bashorat,8
qilish,8
decsc,3
131,3
ccbda,3
spring-hw3,3
navire,3
libre,3
gek6189,3
arrhythmia,3
heartbeat,7
deleted_competitions,3
com3025,12
(week2,6
extend,9
"36,",3
user_behavior,3
amounts,3
uir-hw1,7
times,3
"""sarah",21
gets,21
"diamond""",21
insead,3
dsb,8
22d,3
field,6
breathe,3
pollen,8
segment,3
!,13
[pr22],3
physics,30
ai4society,6
old-delete-comp,3
[dl],3
1_ĞºĞ»Ğ°ÑÑĞ¸Ñ„Ğ¸ĞºĞ°Ñ‚Ğ¾Ñ€,3
[urfu-dl],3
2_captcha,3
dlut,3
mission2,3
(optional),3
basics,23
gan-based,3
testtest1111,3
cs245-2,6
verse,3
hack-a-thon,3
inf-398/578,3
tarea,3
devday'22,3
key,3
author,3
finding,11
gobierno,3
Ğ½ĞµĞ¸Ğ½Ğ²Ğ°Ğ·Ğ¸Ğ²Ğ½Ğ¾Ğµ,3
Ğ´Ğ°Ğ²Ğ»ĞµĞ½Ğ¸Ñ,3
m+,3
skill,3
hms,13
imge,3
classification-animal,3
gdsc-europe,3
hablantes,3
agtech,3
xploreml,3
(gdsc,3
jams),3
rte,3
french,8
areas,3
datathon'22,3
uh,3
manoa,3
ee445,3
dummy-comp,3
projekt,63
"ii,",60
grupa,63
explainable,8
joshgiorgr,3
hdhhthth,3
testing_fast,3
wind,29
turbine-cs,3
horse,7
c2,3
mimuw,3
specialty,3
mission3,3
mission4,3
2022_spring_khu_competition,3
blg454e,3
blg527e,3
ail302m_giangdt26,3
datamad0122-part,3
part-datamad0122,3
class_competition_2,3
ml2022spring-hw13,3
ehr_test,3
poker,3
!!,3
ÑÑ€ĞµĞ´Ğ½ĞµĞ³Ğ¾,3
Ñ€ĞµĞ¹Ñ‚Ğ¸Ğ½Ğ³Ğ°,3
Ñ„Ğ¸Ğ»ÑŒĞ¼Ğ°,3
affordability,3
canada,3
epri,3
transmission,3
imagery,8
10botics,6
(v2),8
(widar3.0),3
ntuee,3
ic,3
testforpj3,3
project3,3
films_contest_vvsu2022,3
[nlp],3
friends,3
continuous,3
waves,8
ml2022spring-hw6,3
tmnist-,3
alphabet,3
sber,3
generated,11
scientific,12
papers,7
adams,7
sose22,3
weekly,3
diseases,7
af,21
2022-ii:,3
vietnam,3
bid/ask,3
lhp,3
a.i,7
certification,30
kr,30
lecture,10
22-final,3
sales_analysis,3
buet,7
fest,12
novozymes,3
enzyme,7
10botics-pandas-league1,3
10botics-pandas-league2,3
nlp1000,3
ml2022spring-hw15,3
tire_dimension,3
dfl,3
bundesliga,3
shootout,3
oficina,11
qbj,3
14.06,3
delhi,12
praktek,3
pada,3
diklat,3
pusdiklat,3
ssl,3
mayo,3
clinic,3
strip,3
container,3
(top-down),3
2022í•™ë…„,3
2í•™ê¸°,3
detector,11
formation,8
dsfdx-,3
bouigues,3
ÑÑ‚Ğ°Ñ€Ñ‚,3
(Ñ‚Ñ€ĞµĞº,3
Ğ±ĞµĞ·,3
Ğ½ĞµĞ¹Ñ€Ğ¾ÑĞµÑ‚ĞµĞ¹),3
facerec,3
(dl,3
track),3
retired,3
ai200,3
may'22:,3
village,11
capture,11
flag,11
defcon,3
cn,3
hyperspectral,3
thapar,21
artistic,3
head,12
linux,3
kernel,11
size,3
28,3
czerwca,3
10botics-house-prices,3
cs4210-summer2022-assignment,3
living,8
lateraisse,3
lrec'22,3
methods,8
ammi,3
[not,3
use]defp2022,3
hackathon2022,3
winery,3
project-07-test,3
superconductors,3
sinch,3
intent,3
sketch,3
test_one,3
arrivals,7
pitc,6
22su,3
ci-avsr:,3
cantonese,3
audio-visual,3
derby,3
judgement,3
ê¸ˆìœµíŠ¹í™”,3
ê³„ì¸µë³„,3
ì—­ëŸ‰,3
ê°•í™”,3
êµìœ¡,3
process,6
transaction,6
history,6
oil/gas,3
turbine's,3
auction,3
bid,3
physical,3
icfhr2022,3
cmhstm22,3
*,6
june-july,3
precios,30
laptos,3
mllab,3
training-2,3
vfl,6
psnr,13
scintillation,3
boolart-image-classification,3
boolart-cityscapes,3
no,25
text?,3
Â¿sera,3
venenoso?,3
yum,3
yuck,3
butterfly,3
mimics,3
pengembangan,3
produk,3
dengan,6
chinesemnist,3
should,9
select,6
ensimag,17
trailstone,7
m3cv:,3
eeg-based,6
biometric,6
hearthstone,3
stanford,12
treebank,3
automata,3
emoji,3
hsgs_hackathon,3
drinking,3
multi-intent,3
customersâ€™,3
requests,3
tartu,3
improving,12
museums,3
klasifikasi,16
colab,7
tree,16
40.016,3
cryptography,3
sleep,16
interruption,3
economistas,3
usta,3
pokemon-techx,3
datahow,9
transfer,9
vcd,3
portÃ¡tiles,31
glc,3
titer,3
boolart-market-prediction,3
fds_challenge,3
fds-block5-nlp,3
problems,7
single-cell,7
integration,3
datathon@indoml,3
attribution,6
tp2,12
euos/slas,3
joint,3
compound,3
solubility,3
finda-practicecomp-1,3
Ñ‚Ğ°Ğ±Ğ»Ğ¸Ñ‡Ğ½Ñ‹Ğµ,3
Ğ´Ğ°Ğ½Ğ½Ñ‹Ğµ,3
netherlands,3
accommodation,3
(fcg),3
databcn0722,3
sarima,12
minitab,12
python?,12
lumpy,3
skin,18
majlis,6
investment,3
mpcss,3
mbaza-nlp-minst-exercise,3
cse322,3
0.1,3
genentech,3
404,3
jamit,3
tab,3
747-assignment-0-2022,3
æœºå™¨å­¦ä¹ ä¸æ·±åº¦å­¦ä¹ (2022)-æœŸæœ«ä½œä¸š(å›å½’pm2.5),3
it's,9
web3,3
forta,3
vnpt,6
measurement,8
grand,8
necesito,6
crÃ©dito,11
fault,8
diagnosis,12
rotating,3
machines,3
backorders,3
ê¸ˆìœµ,3
ë¨¸ì‹ ëŸ¬ë‹,3
extend-extend,3
(week4,3
6&7,3
etu,6
m3cv,3
database,3
otto,3
multi-objective,3
...let's,3
cs747-assignment-1-perceptron-2022,3
cs747-assignment-1-svm-2022,3
snapit,3
always,3
get,8
price!,3
associative,3
rules,3
cs747-assignment-1-softmax-2022,3
fastheal,3
competition:,17
Ğ¿Ğ¾Ğ»Ğ¸ĞºĞ¾Ğ´,3
Ñ†Ğ¸Ñ„Ñ€Ğ¾Ğ²Ğ°Ñ,3
Ğ»Ğ¸Ğ½Ğ³Ğ²Ğ¸ÑÑ‚Ğ¸ĞºĞ°,3
dsi-tda-02,3
fintech,8
ai511-homeloan-2022,3
pra,3
[2022-2],6
ds-special-ch1,3
feel,7
natural,21
through,17
2023,560
(ss,3
zg529),3
bits,8
pilani,3
corn,3
(pogchamps,3
#3),3
stance,3
ignore,3
32130,7
fda,3
fall2022-,3
äººæ–‡ä¸ç¤¾ä¼šç§‘å­¦è®¡ç®—å¯¼è®º2022ç§‹,3
chss-pa,3
iasa,3
(dsm1,3
"ec,",3
orca,3
call,3
lanjut,10
acm,3
css,3
test000,3
1inf02-pucp-2022-02,3
inf659-pucp-2022-02,3
111-1,18
2022-rcv-2nd-urp-vgg16,3
opossum,3
screening,3
mammography,3
(laboratory),3
2022é¡ç¥ç¶“ç¶²è·¯hw2,3
posts!ğŸ”¥,3
posts!,3
ğŸ”¥,3
journey,3
zero,3
illness,3
dreem-automated-sleep-staging,3
(2223,3
s1),3
ml2022fall,3
[deep,7
learning],31
kobe,3
bryant,3
coba,3
aja,3
sih,3
equality,8
curriculum,3
(rc,3
dsm,12
fa,21
cup1,12
dÃ©fi,12
money,11
2022fall,3
geo-localisation,3
geoguessr,3
bot,8
ssa,3
tatva,3
deepshare-playground,3
sigs_big_data_ml_2022,3
(tfug,6
chd,9
æœºå™¨å­¦ä¹ ä¸æ·±åº¦å­¦ä¹ (2022)-æœŸæœ«ä½œä¸š(é¥æ„Ÿå½±åƒå»ºç­‘ç‰©è¶³è¿¹è¯­ä¹‰åˆ†å‰²),3
cyber,18
@vsa,3
(w22),3
1ì°¨ìˆ˜_ì•ˆë™ì†Œì£¼,3
cs291k,3
79,6
dapt,10
sao,10
001,8
adl,15
"(fall,",3
healthcare,3
crisp-dm,3
pjj,3
dddm_v,3
disney,3
2022-30,3
motorbike,3
electricistan,3
íŒŒì´ì¬ê¸°ë°˜ê¸°ê³„í•™ìŠµ,3
enfermedades,3
corazon,3
contact,3
1ì°¨ìˆ˜,6
diabetes_ë¶„ë¥˜,6
mpg_íšŒê·€,6
í…ŒìŠ¤íŠ¸ìš©,3
ëŒ€íšŒ,3
ct5120_suggestion_mining,3
79dapt,6
sÃ©ries,14
temporais,14
wec,3
intel,3
sig,3
light,7
pollution,3
uos,3
aiba,3
2202,3
competition1,8
5a,7
act61-mfe-prediction,3
avisia,3
detecÃ§Ã£o,11
intrusÃ£o,11
rede,11
unseen,9
tih,3
hackathon-,3
frameworks,3
4110-5100,3
imc2223la2,3
sbu-ce126-lrlab,3
dm2022,3
viaje,3
sin,3
edad,3
vehicle,3
defaulter,3
tfug,35
2ì°¨ìˆ˜,12
\advanced,3
2ì°¨ìˆ˜_ì•ˆë™ì†Œì£¼,3
ì¸í…Œë¦¬ì–´,3
ê²¬ì ê°€,3
sbu-ce126-prlab,3
copy,163
testv1,3
shai,16
[om],3
tws,3
(2022),10
16.11,3
2022_ai_term_project_18011806,3
[tfug,25
prayagraj],10
"challenge,",3
cuisine,3
sweet,6
that?,6
3sd2,3
2022-2,6
jargon,3
i'm,15
somewhat,3
analyst,3
myself...,3
(indabax-nigeria,3
hackathon),3
ds-solution-ch8,3
ddsa,3
darian,3
bitmoji,3
not?,6
dish,3
202209,3
christmas,3
conundrum,8
godaddy,3
microbusiness,3
density,17
íƒ€ì´íƒ€ë‹‰,3
ttanic,3
ë¶ˆë²•,3
í†µë°œ,3
íƒì§€ë¥¼,3
ìœ„í•œ,3
í•´ì–‘,3
ì¹¨ì ë¬¼,3
wf-training,3
overnight,8
[gdsc,3
bci],3
coig,3
patentapplicationspl,3
nwvs,12
super,18
profit,3
s00,3
hyd]store,3
bitmojifacescometition,3
sl,6
é†«ç™‚è²»ç”¨é æ¸¬,3
2022kmu-cifar-10,3
pune,3
inference,7
cs6320,3
detect,29
misinformation,3
nuclear,3
emergencies,3
fall2022,9
lepidoptera,3
prayagraj]house,3
mysuru],6
lyricist,3
songs,8
bangalore,3
heka,9
maladies,6
cardio-vasculaires,6
nust,3
misis,11
kitchenware,3
byte_data_hack,3
jbnu-dm2022-recommendation,3
car-insurance,3
immobilienrechner,12
epfl,9
ttic-31020,3
111ntu,3
adivinando,7
estilo,3
canciones,3
fit,20
immersion,20
day:,12
rented,3
demo_hehe,3
#2!,3
dataverse,23
hack.__init__,3
mysuru]electricity,3
competition(tfug,3
(å°è‚¡æŒ‡æ•¸é æ¸¬),3
predecir,3
salario,3
trabajos,3
ì œ,7
0íšŒ,3
aiduezì™€,3
í•¨ê»˜í•˜ëŠ”,3
ë¯¸ë‹ˆ,3
ê²½ì§„ëŒ€íšŒ,22
æ¹–å—å†œä¸šå¤§å­¦309å®éªŒå®¤æ¯”èµ›digit,3
recognizer,45
2022-ucs757-lab-1-exam,3
hahow,12
seen,6
coimbatore,3
pollutant,3
bridge!,3
spcd-database,3
course@tutorial,3
imc2223la3,3
kmuai,3
livecoding,7
kul,3
richter,3
emsi,3
bloodmnist,21
klagenfurt,3
vk,6
edu,6
e-commerce,13
shopper's,3
motorcycle_habit_prediction,3
[deprecated],3
if2,3
shots,3
premier,3
eat,3
mushroom?,3
lab5,3
gra,3
aybÃ¼,3
ceng463,3
"project,",3
convolve,3
epoch-1,3
deepflow,3
course2,7
(svm),7
2022-ucs757-lab-1-exam-new,3
lab6,16
lab622,3
blood,36
bhu,3
æ•¸å€¼æ°£è±¡é æ¸¬,6
numerical,6
(nwp),6
@vsa_2,3
tams,3
bigdata2023-exercise1-classification,7
2022-2023,3
bigdata2023:,3
outcomes,26
stop,3
prime,3
3-classes,3
86201-2æ•°æ®æŒ–æ˜è¯¾å†…ç«èµ›,3
ds-competition-ai-club,3
technology,3
mid-freq,3
franÃ§aise,7
[22fall],3
"(w2v,",7
d2v),7
color,3
difference,3
taobao,8
ampÂ®-parkinson's,4
bioinformatics,8
public,18
informatics,4
icecube,4
neutrinos,4
boolart-segmentation,4
azawi,4
students',9
fiber,4
installation,4
cafa,4
function,14
parkinson's,4
freezing,4
gait,8
text-based,8
geotagging,4
benetech,4
making,4
graphs,4
accessible,4
tp3_inf8215_h23,4
spr,13
cord.ai,8
arxiv,8
paper,12
technical,4
department,4
hick,4
argania,4
stress,4
soai_penguins_challenge,4
(cnn:,4
classification),9
kotakgi,4
sp23,4
23),8
mine,8
(celesta,4
2023),40
9b,4
havaianas,4
ecommerce,4
2017,4
#1:,9
epita,4
aresd,4
covidchallenge,4
aist4010-spring2023-a0,4
pt,4
sep2022,4
datafest@integration2023,4
uniform,4
hemolysis,4
into,13
dhaka,4
docsoc,4
imperial,4
college,4
london,9
fgvc10,8
leipzig,4
industrial,53
wear,4
geolocation,8
ubc,4
ovarian,4
subtype,4
outlier,4
(ubc-ocean),4
ordinal,4
paris,9
reservation,9
cancellation,17
gemstone,4
ualberta,4
biases:,16
stable,9
diffusion,9
prompts,4
hard,4
spot,9
strikes,4
pitch-by-pitch,8
runs,4
rk,4
indabax,9
senegal,4
keyword,13
spotting,13
wolof,13
ssb,4
relevancejudge,4
challenge-a3,4
puc,4
towardsaixwhitebox,4
quantitative,4
isolated,4
2023-ucs654-hack-1,4
(optimizing,4
agricultural,4
production),4
reserva,4
confirmada,4
aist4010-spring2023-a1,4
uowloo_2023,4
fathomnet,4
portatiles,12
superchulos,4
olympiad-breast,4
diagnosis-tfug,4
prayagraj,4
cactuscon,4
become,18
master-hw1,4
aií•µì‹¬ì¸ë ¥ì–‘ì„±ê³¼ì •,4
dlíŒŒíŠ¸,4
ì±Œë¦°ì§€,9
cuanto,4
vale,4
mi,8
forest,9
fire,4
tokenization,4
categorizing,9
surveillance,4
ensure,4
healthy,4
lives,4
portland,4
s00e01,4
mr,4
banks,4
spell,4
(2023),24
dialect_recognition,4
code-mixed,4
challenge@icme,4
deepshare,9
series2,4
bootcamp2023,4
neymark,8
tsc,4
jumia,4
tunisia,4
chatgpt,4
answers,4
guess,8
style?,8
kolkata,4
multi-modal,4
cite-seq,4
ucalgary,4
viz,12
buzz,12
se1605-ai-mlt301-giangdt26,4
methane,4
iiitdm,8
(ec,4
"1,",4
trail,4
running,4
tunisian,4
[ds20_230706],8
diabetes_prediction,4
precision,4
pulse:,4
western,4
washington,4
vesuvius,4
ink,4
merced,4
é¥æ„Ÿæ¨¡å¼è¯†åˆ«-æœŸæœ«ä½œä¸š,4
apurba,4
presents,4
bhashabhrom:,4
ucsd-dsc190-wi23-introduction,4
mumbai,8
sonrisas,4
lÃ¡grimas,4
new!,4
suspended,4
pos,8
(en),4
(da),4
feelings,4
week01,4
planttraits2023,4
psychosis,4
rsfmri,4
muds,4
khalifa,4
ag-reid2023,4
pulsar,4
dcc,4
rush:,4
unt's,4
ultimate,4
2023-i:,8
flujos,18
tradicionales,18
become-a-kaggle-master-hw2,4
hkustgz-aiaa-5032-hw1,4
2023spring_8550ai_hw3,4
fellas?,8
masterclass,4
runi,4
ai@mit,4
bahrain,45
uob,4
hackapucsp:,4
desempenho,4
enem,4
upc,4
instadeep,4
meteonet,4
mlware'23,4
pepkor,4
store:,8
ofa,4
mastery,4
feeling,12
pepkor1,4
eureka-6,4
Ğ¿Ğ¾Ğ±ĞµĞ´Ğ¸Ñ‚ĞµĞ»Ñ,4
Ñ€Ğ°ÑƒĞ½Ğ´Ğ°,4
Ğ¼Ğ°Ñ‚Ñ‡Ğµ,4
cs:go,4
alfa&mipt,4
2023.,4
atm,4
aist4010-spring2023-a2,4
ĞºÑ€ĞµĞ´Ğ¸Ñ‚Ğ½Ñ‹Ğ¹,4
ÑĞºĞ¾Ñ€Ğ¸Ğ½Ğ³,4
ĞºÑ€ĞµĞ´Ğ¸Ñ‚Ğ½Ñ‹Ñ…,4
Ğ¸ÑÑ‚Ğ¾Ñ€Ğ¸Ğ¹,4
gj,4
simulation,4
become-a-kaggle-master-iasd-hw2,4
nwsl,4
schedule,4
2023-ntust-text-mining-p1,4
chjh2023,4
w23,4
xxxcdwe_baja,4
2023q1,4
ece-8550-hw3,4
jobs,4
cs109b,4
inventum-2k23-hackathon-final-round,4
instant,4
gratification,4
ì‹¤ìŠµ,4
2023:,28
ibiohash,9
ĞºÑƒÑ€Ñ,14
Ñ†Ğ¸Ñ„Ñ€ÑƒĞ¼,14
Ğ¼Ğ¾Ğ´ÑƒĞ»ÑŒ,4
Ğ¼Ğ¾Ğ´ĞµĞ»ĞµĞ¹.,9
Ğ´Ğ·,9
nitrÃ³geno,4
georisk2023:,4
geological,4
cpt,4
kcl,4
22/23,4
leadership,4
111-2,12
rcsi,9
zain,9
stone,8
borne,8
transformation,4
tku0000,4
nmep,4
medium,4
locations,4
buried,4
gpr,9
ethz,4
lsi,4
ncsc,4
mens,9
ml4eo-air,8
[hw2],4
nssa,9
gomoku,4
move,4
hypothesis-2023,4
si364,18
2023æ•°æ™ºæ·±åº¦å­¦ä¹ ç»„ç¬¬ä¸€é˜¶æ®µè€ƒæ ¸,8
eds,4
232,4
chemistry,4
calcofi,4
hkustgz-aiaa-5032-hw2,4
dat-a-thon'23,4
techniques,13
seriously,4
ill,4
databcn0423,4
cmu,16
nascon'23,4
aist4010-spring2023-a3,4
population,4
projections,4
oceanography,4
cs506,8
lab:,8
defective,8
cookie,8
hypothesis,4
(for,4
sophomores),4
patterns,4
early,9
printing,4
happiness,4
sose23,4
datamad1022,4
[hw2-updated],4
ee5180,4
decoding,4
arbitrage,8
profitability,4
customers,14
segments,4
Ğ²Ñ€ĞµĞ¼ĞµĞ½Ğ½Ñ‹Ğµ,4
Ñ€ÑĞ´Ñ‹,4
epilepsy,4
sexism,4
cassandra'23,4
ps-2,4
23,32
g2net-hackathon,4
ds1102-v0,4
11102,4
hw2-2023,4
itc,4
travelers,13
umn,8
mcfam,4
sp2023,4
æ™ºèƒ½æ¨è-2020çº§-ç¬¬1æ¬¡ç«èµ›,4
task3,9
task4,9
mw810,4
mw945,4
mw405,4
ai4vozer,4
k1a1,4
hit,26
spann,4
bgudrugchallenge2023,4
251b,4
151b,4
crush,4
ai?,4
blueyonder,9
pycon/pydata,9
valuation,9
under,4
dev-o-thon,8
2k23,4
report,4
internship,8
"cistup,",4
technolgy,4
battery,13
uir-hw1-2023-1,4
ë°ì´í„°ë§ˆì´ë‹ë°ë¶„ì„,4
æ•°æ™ºæ·±åº¦å­¦ä¹ ç»„2023æœ€ç»ˆè€ƒæ ¸,4
futaba,4
kindergarten,4
budgeted,8
iccv,8
rcv,20
hgdsagfsgfsdgfssgd,4
[23spring],4
was,14
bitcoin,4
crash,4
predictable?,4
grad,4
bunker,4
hub,4
teach,4
integer,4
boosting,8
wage,12
dsaa5013,8
copy_wage,4
classification_copy,4
aitxdil,4
jupyter,4
ribonanza,4
rna,4
folding,4
[sp23],4
osu,4
purdue,4
test-f1,4
nus,4
ual,4
21ê¸°,4
ì²­ë…„,4
ai/bigdata,4
ìì—°ì–´ì²˜ë¦¬,4
ê³¼ëª©,4
8403,4
cs3319-02,4
laptops,8
forcecasting,4
[skku,32
2023-1,20
gdsc-nsut,4
summer23,4
æ™ºèƒ½æ¨è-2020çº§-ç¬¬2æ¬¡ç«èµ›,4
hkustgz-aiaa-5032-hw3,4
identify,4
contrails,4
reduce,4
warming,4
nlp2023agresivo,4
w&b/agh,4
ml2023spring-hw4-v0,4
april,4
whatever,4
"do,",4
access,9
blueberry,44
yield,34
feature,14
imputation,4
heat,8
flux,4
crab,44
biodataanalytics_modeling_competitions,4
23d,4
if,9
swing,9
interpretation,4
actions,4
textmine,9
2024,918
ccu,12
py,12
miniproject(2),12
dataset(4),4
dataset(5),4
dataset(6),4
acams,4
hollywood,4
"[2023,",4
"a,",9
2],14
increment,4
testosterone,4
cells,8
microscopy,8
2023-10,4
abdominal,4
trauma,4
vasculature,8
mdm,4
missing,9
km055_classification,4
km055_regression,4
try,4
host,4
nibbler,4
km054_regression,4
km054_classification,4
bengali.ai,4
liege,4
datathon'23,4
effects,4
skku-ml2023-hw4,4
km037_classification,4
km037_regression,4
developers,4
games:,4
chess,14
ufaz,4
navigate,4
robots,9
codebreak,8
:store,4
sales-time,4
visible,18
spectrum:,18
tester234934598,4
daiv.],4
iclr,4
kaggle/zindi,4
innopolis,4
ai4med,4
icr,4
identifying,4
age-related,4
conditions,4
scale,8
fact-checking,4
colie:,4
literary,4
epochs,4
fingerspelling,4
turbine,9
(wtsc@stust/taiwan),4
eligibility,4
-bayesian,4
ml-,4
[2023-1í•™ê¸°],4
ê·¸ë˜í”„ë§ˆì´ë‹,4
í”„ë¡œì íŠ¸,9
neuronai,4
tel,4
aviv,4
categorization,4
leeds,12
overlap,4
pknu,4
prof.,4
chang,4
assignment3,4
"(bau,",4
"ain3002,",4
spring23),4
bia01-univariate,4
failures,4
explore,4
substrate,4
99,4
ames-test,4
nycu2023,4
rumble,4
shotquality:,4
ncaa,4
rebounds,4
execmba,4
daii,4
macroarea,4
f1-score,9
ml],4
evaluate,4
summaries,4
2023_spring_khu_competition,4
itmo-spbu,4
sciml,4
linkit,4
(sose,4
bioinforming,4
youth,9
ç¬”è¯•ç¥çš„æµ‹è¯•åˆé›†,4
bads-dab-regression,4
99dapt,8
sad,36
child,9
mind,9
classic,4
colac,4
airbus,14
1871,4
delft,4
tc,4
embryo,4
microscopic,4
2023-5th,4
cro,4
condominium,4
th,4
dollar,4
yuan,4
extracting,4
attributes,4
164,9
nawfal,4
ml2023spring-hw15,4
#4,4
paraisur,4
limerick,8
(closed),4
week:,4
suvey,4
good!,4
aii2023-competition,4
llm,74
pre-hackathon,4
immrep23:,4
tcr,4
specificity,4
minim-al:,4
census,4
movements,4
cifar-10dataset,4
neurips,27
stage,17
unsm,4
hipotiroidismo,4
gses,8
balance,13
strike,4
analise,4
bimaster,33
bricolo,4
employees,4
mkn-ss-ts,4
unlearning,4
acquire,4
k-means,14
smurfs,4
mushotelâ€™s,4
smurvation,4
volunteer,12
retention,24
collaboration,8
dlai7,4
movement,4
short/long,4
ai4imaging-hackathon-2023,4
sjtu-cs2912-01-data,4
pdf-vqa,4
(cikm,4
wwtp,4
model:,4
"mechanistic,",4
"data-driven,",4
hybrid?,4
wine_quality_prediction,4
null,4
disregard,4
inceptez,9
batch-20,4
è›‹ç™½è´¨çªå˜å·¥ç¨‹ç«èµ›ç¬¬äºŒé˜¶æ®µ-siat,8
farming,4
duration,9
202306,4
mini-course,13
rwanda,4
lead,4
united,4
trainingcourse,9
ï¼šlicense,4
plate,14
enefit,4
prosumers,4
voorspel,13
tantusdata,4
authorship,4
comparison,4
hatenorm23,4
laptops1,4
verano,4
í•œêµ­ì–´,9
ì§€ì—­,4
ë°©ì–¸,4
defcon31,4
close,9
habla,4
imaginada,4
seÃ±ales,4
annihilate,4
hates,4
toxicity,4
chronic,8
respiratory,9
(us),4
underwater,4
modulation,9
recognition.,4
prediciton,14
profile,9
mrm2023,4
alicorp,4
ninja,4
warrior,4
ğŸ¥·,4
august,4
competition-batch,4
eso,4
our,8
important,4
customers?,4
fast,9
slow?,4
runtime,4
data:,9
what's,4
worth?,4
mnistxcifar,4
solvro,9
rekrutacja,4
zimowa,4
2023/2024,8
hkustgz-ai-summer-camp-junwei-p2,4
hkustgz-ai-summer-camp-junwei-p1,4
asl,8
izccå››æ ¡è¯åˆæš‘è¨“-è³‡æ–™é æ¸¬ç«¶è³½,4
2023q2,12
dsg,4
challenge-1,4
and/or,9
radar,4
Ğ¿Ñ€Ğ¾Ğ³Ğ½Ğ¾Ğ·Ğ¸Ñ€Ğ¾Ğ²Ğ°Ğ½Ğ¸Ğµ,9
Ğ±Ğ¸Ñ‚ĞºĞ¾Ğ¸Ğ½Ğ°,4
valottery:,4
pick,4
(night),4
smartly,4
mma867,4
24s,4
ã€oldã€‘deeplearningã«ã‚ˆã‚‹ç”»åƒè§£æ,4
ã‚¹ãƒ†ãƒƒãƒ—,4
datathon23,4
character,14
chat-gpt,4
rf,4
semilleroml_dsrp,4
3íšŒ,4
aikuthon,4
perturbations,4
improve,4
fixed,4
data-centric,19
way!,4
horses,4
fukuoka2023,4
2023-ii:,8
linking,4
processes,4
tutorial-assessment-1-t1-23-24-ai511-imtech,4
pucp,4
2023-2,12
d,4
competitions,21
repss,14
gw,8
signals?,8
quarter,4
scores,4
wars,4
scrna,4
bhi,4
latihan-gemastik-untan,4
xt122-dl-midterm-face,4
ironhack:,4
glasses,18
/,9
fit5215-objectdection-s2-2023,4
(malaysia),4
pronostica,4
desempeÃ±o,4
saber,9
11,9
v20233,4
lab4,4
cs335,4
without,4
[cv,4
st'23],4
quantity,4
dynamic,4
gridworld,4
æœºå™¨å­¦ä¹ ä¸æ·±åº¦å­¦ä¹ (2023)-æœŸæœ«ä½œä¸š(é¥æ„Ÿå›¾åƒåˆ†ç±»),4
æœºå™¨å­¦ä¹ ä¸æ·±åº¦å­¦ä¹ (2023)-æœŸæœ«ä½œä¸š(å›å½’pm2.5),4
dl_2023autum,4
prophet,4
oemc,8
eu,4
inria,4
classificacion,4
ls,4
vpn,4
proxy,4
ip,4
address,4
ai/ml,29
member,4
recruitments,8
bioverse,8
f,4
fapar,4
prismap,8
8/31,4
preliminary,4
dso-2023,4
laboratÃ³rium,9
reverted,4
draft,4
multi-tier,4
quark,4
11785:,4
fall'23,4
setup,4
2023-2024,9
ÑƒĞ±Ñ'23,8
cat?,4
ÑƒĞ±Ñ-23,4
disaggregation,4
nsut.ai,4
contributor,4
additional_datathon'23,4
testly01,12
old-data,4
harga,4
pangan,4
åŒ—é‚®æ•°æŠ€-æ•°å­—åª’ä½“æ•°å­¦åŸºç¡€-2023ç§‹-kaggleçƒ­èº«,4
if5171-02,8
modul,22
regresi,14
(classification),4
pgp,4
neuronex,4
egoschema,4
ctd,4
volume,4
within,4
dsaa,20
6100,8
implementation,4
415,4
11775,8
f23,35
9oct23jh-ğŸ§¬genomics,4
classification-23-24-1,4
e23,4
ordenadores,4
two-layer,8
three-layer,8
software,9
defects,4
smoker,39
status,19
bio-signals,29
mohs,4
hardness,4
cirrhosis,19
ifsul,4
clube,4
ee370000,20
learning-test,4
2023-24,18
(2),9
ml-test,4
masakhaner,4
appliquÃ©,4
au,4
rn,4
22.45,4
assembly,4
vegas,4
pwc,4
sponsored,4
"cool,",4
quiet,4
implementasi,4
leopard,4
re-identification,4
åŒ—é‚®æ•°æŠ€-æ•°å­—åª’ä½“æ•°å­¦åŸºç¡€-2023ç§‹-çº¢é…’è´¨é‡é¢„æµ‹,4
hat,18
sennet,4
hoa,4
ipm3211,4
city-scale,4
9/30,4
ticket,8
cs/se4375,4
[if5171-k2],4
-klasifikasi,4
nasa,9
apps,9
dl_lab02,4
prompting,4
makersuite,4
egg,9
sri,4
lanka,4
hw06,4
1_1:,4
weiyang,4
verhuuraantallen,9
itverse,4
ml2023,12
tj,4
ss4gg,8
nir,4
soil,8
spectroscopy,8
modelling,9
mir,4
stockpicker,4
tourist,4
esta,4
nÃ£o,4
Ã©,4
vÃ¡lida,4
spark4ai:,4
aisoc,4
it1244:,4
åŒ—é‚®æ•°æŠ€-æ•°å­—åª’ä½“æ•°å­¦åŸºç¡€-2023ç§‹-æ€§åˆ«åˆ†ç±»,4
rush,4
sip,4
future:,4
40-year,4
beverage,4
odyssey!,4
celesta,4
ffnn/mlp,4
scratch,9
post,4
approval,19
marky,4
speed,9
forecast:,4
ipba,4
17,4
png,4
bad,4
(team),4
top,4
2000,9
faces:,4
dl_2023autum_exp2,4
6100:,12
fine-tuning,32
anya's,16
gojo,16
revival,16
pilot,4
2023-ii,8
(deep,8
learning),8
878,4
audio-driven,8
co-speech,4
462/862,4
checking,8
h2o.ai,4
detective,4
bondman,4
wilco,4
dow,4
world,14
405,4
aerospace,4
2023-30,4
(iiit,4
bhagalpur),4
aocr2024,4
dddtestaaaaaaaaaaaaaaaaaa,4
dudss,4
izcc_ai,4
è³‡æ–™é æ¸¬ç·´ç¿’è³½[0],4
apartment,4
czech,4
rep.,4
shop,4
(lunes),4
preprocessamento,4
cse517a,4
fl23,4
milestone,4
mws,4
halloween,4
monster,4
waveform,4
bull,4
fall2023:,4
talking,9
skull,4
reconstruction,9
preprocessamento_aula_04_10,4
ê°œì¸,9
ìˆ˜ì…,4
ntua,4
2023-24:,4
warm-up,4
2021çº§_competition(02),4
badreads?,4
arthur's,4
weather-driven,4
quest,4
ignite,4
ë¶€ì²œëŒ€í•™êµ,4
ì†Œì‚¬ìº í¼ìŠ¤,4
tunadromd-,8
statements,4
miner,4
pmldl.,4
10.,4
gnn,4
competition.,4
fii,4
atnn,4
standard,4
bluechip-summit,4
numeral-aware,4
generatio,4
2021çº§_competition(2),4
northquest,4
ssn,18
5b,4
23z,16
izcc,4
ai_lecture,4
è³‡æ–™é æ¸¬ç·´ç¿’è³½[1],4
Â¡enseÃ±ame,9
pasta!ğŸ’¸la,9
batalla,9
analÃ­tica,9
bancaria,4
intromlda,4
2023-1.,4
dengue,4
outbreak,4
åŒ—é‚®æ•°æŠ€-æ•°å­—åª’ä½“æ•°å­¦åŸºç¡€-2023ç§‹-çº¢é…’è´¨é‡é¢„æµ‹ï¼ˆé™ç»´ï¼‰,4
åŒ—é‚®æ•°æŠ€-æ•°å­—åª’ä½“æ•°å­¦åŸºç¡€-2023ç§‹-æ€§åˆ«åˆ†ç±»ï¼ˆé™ç»´ï¼‰,4
2023-irtm:hw3,4
2021çº§_competition(3),4
k23ml_classification,4
learning-lab2,4
gendered,8
abuse,8
indic,8
(mb4011),4
nanox81,4
é—®ç­”å¯¹æ–‡æœ¬æ£€ç´¢,4
ì—°ìŠµë¬¸ì œ,4
åŒ—é‚®æ•°æŠ€-æ•°å­—åª’ä½“æ•°å­¦åŸºç¡€-2023ç§‹-å…¨æ™¯ç…§ç‰‡,4
data&machine,4
dg,4
sdsc8007-hw4ï¼ˆindividual,4
examï¼‰,4
[skku-ml-2023],4
muziek,9
elec7011,9
(23,4
fall),9
tragedi,4
statisticlearning2023_lab2,4
cs7304h,4
vsb-fei-fml-2023-fs+kam+ktt,4
thanksgiving,4
turkey,4
pardoning,4
posgraduate,9
dsub,4
dtc,4
zoomcamp,14
q&a,4
portuguese,4
banking,9
institution,4
arvore,4
decisao,4
_aula_25_11,4
disc-type,4
glass,4
insulators,4
absence,4
sky,4
eletric,4
learning-lab2-new,4
snn,8
emodecode,14
3000,4
fall-ml2-mipt-2023,4
bigdata2023-exercise3-duplicatedetection,4
psl,4
bloomberg,4
ç—…ç†aiå®Ÿè£…ç ”ç©¶ä¼šãŠè©¦ã—3,4
ict,12
ioc,8
bhubaneswar,4
swanirvahan,4
testdec2ti,4
interval,4
i:,9
idl-hw4p2-slack,4
2023-4,4
letters,14
learning-labbonus,4
lapp,4
navigating,18
instability,18
(regression),9
congenital,4
minixlab:,4
circle,4
(hour,4
pretest,4
åŒ—é‚®æ•°æŠ€-æ•°å­—åª’ä½“æ•°å­¦åŸºç¡€-2023ç§‹-ä¸‰ç»´é‡å»º,4
polytope,4
permutation,9
puzzle,9
hack2see,4
202310,4
(dec,4
novel,4
23.2,4
proj5_cs486_ay24-1v2,4
motorica,4
skillfactory,4
2023-12,4
ps23,4
...in,4
probability!,4
serving,4
vic,4
factor,4
hackday,4
cds,4
7Âª,4
ediÃ§Ã£o,4
dl_2023autum_exp3,4
uplyrn,4
lab9,4
de-,4
deadline,4
engineering_lab,4
9_psut,4
wed,4
sts1,9
rÃ©siliation,9
client,9
tÃ©lÃ©communications,9
é¢¨åŠ›ç™¼é›»æ›²ç·šé æ¸¬ç«¶è³½(wind,4
202312),4
Ñ‚ĞµĞ¼Ğ°Ñ‚Ğ¸Ğº,14
vefat,4
tahmini,4
Ñardiovascular,4
testtttttttttttttttt,4
cufe-cmp,18
mainstream,24
e1,4
mlx,4
regression:,4
marks!,4
bayesian,4
sidd,20
srgb,10
rawrgb,10
zerowasteeats,5
atmospheric,5
(climsim),5
harmful,5
uspto,5
professionals,5
isic,5
3d-tbp,10
assistants,5
tasks,5
gemma,10
_____a,5
cvpr-fgvc,5
nju-dmco2023fall-final-project,5
planttraits2024,5
fgvc11,5
sarfish,15
maritime,10
aist4010-spring2024-a0,5
garbage,5
guru,5
turtlevision,5
lmsys,5
arena,10
preference,5
agency,10
pii,5
11785-hw1p2-s24,10
dhu-ailab-image-classification,5
electrance:,5
superconductivity,5
peaks,5
prompt,10
(math),5
dhu-ailab-machine-translation,5
3_classes,5
ustc2023äººå·¥æ™ºèƒ½ä¸åœ°çƒç‰©ç†æœŸæœ«å¤§ä½œä¸š,5
ba2023-regression,5
facebook,5
budget,5
compression,5
test22222,5
24),5
viewership,5
cracked,5
ba2023-classification,5
medical_records,5
classification:,25
decimal,5
mics,5
fitting,10
1d-1d,5
3d-3d,5
cartoon,5
recovery,5
upscale,5
dive-in,5
gbdt,5
still,5
outperforming,5
dl?,5
digitaledu,5
hatenorm,5
"hero,",5
villain,5
victim?,5
nlp:,5
reconstructing,5
marcion's,5
lost,10
gospel,5
medicines,5
belka,5
arc,5
e2,5
grapes@fhj_2024,5
own,5
stockfish,10
nnue,5
firing,10
claimscan,5
datathon:,5
predictathon,5
problemcï¼šlicense,5
deciphering,5
mantis,5
vista'24,5
formula,10
lap,5
s00e02,5
dsub_online,5
njupt-sast-2024-woc,5
sust,5
carnival,5
eliva-imageenahancement,5
mr.,5
thief!,5
njupt-sacc-2024-woc,5
singapore-eth,5
centre,10
hyperleaf2024,5
lo,5
cuÃ¡ntico,5
nos,5
va,5
manos,5
ğŸ’°,5
event-based,5
eye,5
ais2024,5
cvpr,5
aist4010-spring2024-a1,5
viagem,5
espaco,5
sdsc,5
4016,5
hkustgz-aiaa-5032-hw1-spring-2024,5
fraude,5
em,15
transaÃ§Ãµes,5
cartÃ£o,5
esa,10
eo4soilprotection,10
2024:,25
soc,5
obesity,10
impute,5
values,5
classified,5
flares:,20
subtask,20
--5w1hs,10
identification--,10
sp24,25
bia,5
californa,5
erosion,5
steel,5
test_version2,5
mds-cl-2023-24,5
dsci_572,5
harmony,10
pdf,10
questionnaires,10
1dl034,5
vt24,5
2da,5
vortex,5
gdp,5
(reliability,5
mathematics,10
smoking,15
um,5
game-playing,5
mcts,5
variants,5
ç—…ç†aiå®Ÿè£…ç ”ç©¶ä¼šã‚³ãƒ³ãƒš,5
verkoopprijzen,5
van,5
huizen,5
voorspellen,5
yamuna's,5
odyssey:,5
dream,5
conquer,15
jammu,5
iupui,5
ariel,5
vs.,20
(2024),20
bangladesh's,5
numeric,5
(ncr),5
dbpedia,5
ontology,5
know,15
did,5
last...,5
csc532,5
response,5
(i),5
bhashamul:,5
bengali,10
regional,10
ipa,5
transcription,5
(ii),5
hallucinations,5
llms,15
elite,5
programs,5
band,5
gap,5
brouillon_pour_mes_competitions,5
wellness,10
sentimental,5
jugglingballs,5
skyfall,5
classifications,10
epoch,5
'24,10
2024),45
olympiad-predicting,5
2024-i:,10
offbeats,5
msba7028_2024_hw2,5
(5w1hs,5
identification),5
cibmtr,5
equity,5
post-hct,5
(feb.2024),5
nashik,5
true,5
french-wolof,5
1000,5
genomes,5
ancestry,5
brain:,5
2024æ•°æ™ºæ·±åº¦å­¦ä¹ ç»„ç¬¬ä¸€é˜¶æ®µè€ƒæ ¸,20
tuxae,5
machlearn,5
(ait,5
aakriti'24),5
sustainable,5
poem,5
(ptbr),5
opinion,5
ooocean,5
eeeddy,5
aist4010-spring2024-a2,5
india's,5
durg,5
q12024,5
automated,5
144,5
ai-powered,5
generator,5
inventum-2k24-practice-test,5
recsysmasterfds,5
ai:,15
evolve,5
lumbar,5
degenerative,5
failure,5
iti,5
general,5
isit,5
bots,5
analyzing,5
york,5
spring'24,5
cu,10
denver,5
trinity,5
diamonds-databcn0124-rev,5
mis,10
466,5
coffee,10
bugnist2024,5
basic-competition,5
mosaic24,5
dscs_24,5
pub,5
tokka,5
quant,5
course:,5
2024æ•°æ™ºæ·±åº¦å­¦ä¹ ç»„ç¬¬äºŒé˜¶æ®µè€ƒæ ¸,5
neuralclash,5
resolution,10
games,20
hkustgz-aiaa-5032-hw2-spring-2024,5
aml-2024-project1,5
klasifikasi-lab,5
regresi-lab,5
duke,10
2024-fgvc11,5
smt,5
hexathlon,5
perceptron_optima2024,5
Ğ³Ğ¾Ğ»Ğ¾ÑĞ¾Ğ²Ñ‹Ñ…,5
ĞºĞ¾Ğ¼Ğ°Ğ½Ğ´,5
Â¿te,5
ayudan,5
tus,5
padres,5
deberes?,5
estudiantes,10
any,5
repeated?,5
Ã©xito,5
entorno,5
escolar,5
offers,5
megamarket,5
evocharger,5
yolo,5
data-mining-assignment1,5
aist4010-spring2024-a3,5
chip,5
hls,5
streaming,15
debt,5
hw3p2_asr-s24,5
(sdp),5
churn...,5
ise,5
transcend'24,5
[intro2ml-2024]Ğ¿Ñ€ĞµĞ´ÑĞºĞ°Ğ·Ğ°Ğ½Ğ¸Ğµ,5
ÑÑ‚Ğ¾Ğ¸Ğ¼Ğ¾ÑÑ‚Ğ¸,5
Ğ½ĞµĞ´Ğ²Ğ¸Ğ¶Ğ¸Ğ¼Ğ¾ÑÑ‚Ğ¸,5
23/24.,5
ÑĞ¾Ñ€ĞµĞ²...,5
nivel,5
sociabilidad,5
niÃ±os,5
bots:,5
robust,5
strategies,5
[2024_smarcle_ks_1][spaceship,5
titanic],5
shortprojectrecsys-dsml1,5
æ™ºèƒ½æ¨è-2021çº§-ç¬¬1æ¬¡ç«èµ›,5
physically,5
informed,5
csu-ai-inclass-nlp2024,5
spacetech,5
ãªã‚ã†ai,5
syosetu,5
abalone,5
s,5
sdu-inf376-2024-imdb-lr,10
mlware'24,5
competiciÃ³n,5
vashisht,10
(<=2nd,5
mytest,10
(open,5
all),5
ntut-tensorflow0318-hw,5
contaminated,5
lakes,5
2024-datascience-hw2-classification,5
ex-machina,5
aparoksha-24:,5
phase-1,5
iuss,5
23-24,5
inteligencia,5
(2023-2...,5
omni-balloon,5
(cifar),5
dlav-vehicle,15
(easy),5
efz,10
aivle,5
aivle_test2,5
nthu-2024-datascience-hw02-classification,5
à¦­à¦¾à¦·à¦¾-à¦¬à¦¿à¦šà¦¿à¦¤à§à¦°à¦¾:,5
dialects,5
brazilian,5
batch-22,5
gvu-spring-2024-project-1,5
actl3142,5
é¥æ„Ÿå›¾åƒåˆ†ç±»-bnu,5
battle,10
compe,5
kultum,5
karaoke,5
klassificatie,5
adult-census-income,5
sepsis,5
ur,5
miga-ijcai,10
ì´ì§ì„,10
í¬ë§í•˜ëŠ”,10
ì§ì›,10
mathematical,10
progress,10
uwicomp6130,5
enthusiast,5
í†µì‹ ì‚¬,5
ê³ ê°,5
ì´íƒˆ,5
flood,10
success,5
cross,5
selling,5
[2024_smarcle_ks_2][house,5
price],5
eef,5
asdasd,5
hw3p2_asr-s24(slack),5
probabilistic,5
Ğ²Ñ€ĞµĞ¼ĞµĞ½Ğ½Ñ‹Ğ¼,5
Ñ€ÑĞ´Ğ°Ğ¼,5
[mlds],5
gvu-spring-2024-project-2,5
satire,5
si630-wn24-hw3,5
wongnai,5
_____b,5
fuel,5
efficiency,5
æ™ºèƒ½æ¨è-2021çº§-ç¬¬2æ¬¡ç«èµ›,5
diagonal,5
cross-generation,5
locating,5
bacterial,5
flagellar,5
motors,5
mev,5
ethereum,5
mempool,5
(medium),5
(hard),5
ml4eo--crop,5
ness,5
statathon,5
[aiffel-ds2],10
[graph,5
2024],10
[ÑÑ‚ÑƒĞ´ĞºĞµĞ¼Ğ¿,5
s24,15
but3,5
(app),5
"""cositas-markt""",5
planet,5
hunt-,5
yuri's,5
night,5
literature,5
engine,10
2401,5
ece379k,5
24spring,5
temp12345,5
ai-generated,10
2024-1,30
[enap],20
genus,5
surrogate,5
s4e4,5
skdjf,5
sddfksdhfsd,5
fsd,5
fsdf,5
[ë”¥ëŸ¬ë‹ê°œë¡ ]noisy-cifar10,5
exmachina,5
urfu,5
infosec,5
testing-43c,5
bmi707,5
banca,5
unibs,5
oÃ¹,5
suis-je,5
"(h2024,",5
test),5
shortprojectrecsys-dsml-online,5
t16:,5
team,15
#9,5
edem,10
mda,5
sfhmmy-xanthi-2024-algorithms,5
hand,5
si630-wn24-hw4-prompt-based-nlp,5
synapse-practice,5
catboost,5
sofavision,5
fathomnet2024,5
fdu-nlp-spring2024-project2,5
trashcan,5
dl4cv,5
team#10:,5
lethal,5
reconhecimento,5
entidades,5
nomeadas,5
saviors,5
cs3319-01-project-1,5
brainac'24,5
l2:,5
sugarcane,5
emnist@fhj,5
1111111111111111,5
sketchclassification@fhj,5
Ğ¿Ğ¾Ğ¸ÑĞº,15
Ğ±ĞµĞ·Ğ´ĞµĞ»ÑŒĞ½Ğ¸ĞºĞ¾Ğ²,10
seefood@fhj,5
offs,5
team#9,5
amia,5
tes,5
ethics,5
similarity,5
cs3319-01,5
sfhmmy-xanthi-ml-2024,5
hkustgz-aiaa-5032-hw3-spring-2024,5
coder,20
52295,5
finale,10
ufg,5
teco-psda-exercisesheet1-growth-2024,5
teco-psda-exercisesheet1-employment-2024,5
teco-psda-exercisesheet1-hdma-2024,5
teco-psda-exercisesheet1-credit-2024,5
producer,5
shaastra,10
techathon,10
2024ë…„ë„,10
jbnu,10
ì˜¨ë¼ì¸,10
oasis,5
"[2024,",5
2024_ucs654_labeval1_003,5
alvi,5
hci,5
2024.ê¸°ê³„í•™ìŠµ.ì¤‘ê°„ê³ ì‚¬.ë¬¸ì œ1.ë‹¤ì‹œí’€ê¸°,5
2024.ê¸°ê³„í•™ìŠµ.ì¤‘ê°„ê³ ì‚¬.ë¬¸ì œ2.ë‹¤ì‹œí’€ê¸°,5
2024.ê¸°ê³„í•™ìŠµ.ì¤‘ê°„ê³ ì‚¬.ë¬¸ì œ3.ë‹¤ì‹œí’€ê¸°,5
2024.ê¸°ê³„í•™ìŠµ.ì¤‘ê°„ê³ ì‚¬.ë¬¸ì œ4.ë‹¤ì‹œí’€ê¸°,5
2024.ê¸°ê³„í•™ìŠµ.ì¤‘ê°„ê³ ì‚¬.ë¬¸ì œ5.ë‹¤ì‹œí’€ê¸°,5
bert,5
(slack2),10
master-2024-hw1,5
[spark4ai],5
itvedant,5
warriors,5
sentence,5
io,10
Ğ¿Ñ€Ğ¾Ğ³Ğ½Ğ¾Ğ·,5
Ğ²Ğ¾Ğ·Ñ€Ğ°ÑÑ‚Ğ°,5
ĞºÑ€Ğ°Ğ±Ğ°,5
emails,5
codeigen_competition_prediction,5
testtestasdasd,5
buying,5
months,5
contest!,5
bluberry,5
elizabeth's,5
darrin's,5
churn:,10
classificat,5
smoker-binary-class,5
sdsc6001-hw4,5
vrdiu-track,10
neu,10
vegetation,5
accidents,5
supplier,5
dectection,5
[2024,10
nh,10
science],10
hw4p2,5
icip-aes-2024-spring-regression,5
icip-aes-2024-spring-classification,5
cd,5
d4-computer,5
classifiers:,5
it?,10
boshqa,5
o'lchamga,5
o'tib,5
qolgan,5
kosmik,5
kema,5
given,5
brainstorming,10
mode,10
reranking,5
aiss,5
msa,5
nz,5
automathon,5
49140,10
second,10
"d4-bootcamp,",5
[task,10
1],5
"msci641,",10
2024-10,5
chance,5
clasification,5
crimecast:,5
categories,5
202410hy12143_artifical,5
24sp,5
kom332,10
[2024_smarcle_ks_3][fashion,10
mnist],10
1122,5
mon_78e,5
thinking,10
rapidminer3,5
4.0,5
build-a-thon,5
wastewater,5
soft,5
sensor,5
ì„¼ì„œë°ì´í„°ë¥¼,5
í–‰ë™ë¶„ë¥˜,5
faim,10
sgp,10
24d,5
aml-2024-project2,5
2d,5
í™œìš©í•œ,15
ilur,5
ê¸°ìƒë°ì´í„°,5
ì´ìš©,5
íƒœì–‘ê´‘,5
ë°œì „ëŸ‰,5
ì€í•˜ê³„,5
microbiome,5
2024q1,5
automl,5
caso_muerte_coronaria_2024_v1,5
[ë”¥ëŸ¬ë‹ê°œë¡ ]ëª¨ë¸,5
íŠœë‹,5
proba2024,5
board,5
raiting,5
pnl:competencia,5
alternative,5
[2024-1í•™ê¸°],5
ì¸í„°ë™í‹°ë¸Œê·¸ë˜í”„,5
production_bakar,5
production_cavle,5
production_drenova,5
ë¬¼ì²´,5
í…ìŠ¤íŠ¸,5
ì˜í™”,5
ë¦¬ë·°,5
dsb-521,5
ìŒì•…,5
ì¥ë¥´,5
balls,5
point-assignment,5
endava,5
dummy5,5
2024-4,5
calculate,5
ğŸ«,5
dataset:,5
teststuff,5
crabes,5
saidou,5
adama,5
ndiaye,5
iut,5
branch,5
1512182,5
qisqichbaqa,5
yoshini,5
hw#1:,5
24-03,10
ft,10
m148,5
quantifying,5
3pt,5
defense,5
2025,35
testingjeong,5
biocas2024,5
depression,5
sunday,5
challenge@ieee,5
mipr,5
ssim,10
batprem,5
problem-3_prediction_of_cirrhosis_outcomes,5
art,5
soccer,5
matches,5
tenth,5
accronium,5
salt,5
linear_reg_sample,5
desafÃ­o,5
incremental,5
rock_paper_scissors,5
devcomm,5
ê²½ì§„ëŒ€íšŒ(ìˆ˜ì •),5
master-2024-hw2,5
2024-2,20
pknu-deep,5
learning-2024,5
caso,5
uso:,5
satisfacciÃ³n,5
universidad,5
titles,5
2024-3,5
recsyschallengetask-course2023,5
í˜ì‹ ,5
[udp][dl],5
trabajo,5
rohlik,15
orders,5
xxxxxxx,5
ih_datamadpt0124_project_m3,5
bio-signal,5
dá»±,10
Ä‘oÃ¡n,10
tiÃªu,15
thá»¥,15
lÆ°á»£ng,15
ngÃ nh,10
sx,10
thÃ©p,10
csi4116-project3,5
(lab1),5
futurecrop,5
falla,5
chapas,5
acero,5
kbd,5
cho,5
hvnh,5
nature's,5
finest,5
Ä‘iá»‡n,5
(usage_kwh),5
202406,5
gkh_2024_lgcns_test,5
snow,5
cp3501-retinamnist-v2024,5
ai249-machine,5
competition(same),5
simxrd,5
belle,5
lepton,5
[2024-1][dls]finalterm.p1,5
hello!,5
df,10
huasuan,5
controllable,5
newcompe,5
broken,5
sailea,5
ai@unc,5
hackathon-c61,5
lhs,5
Ğ¿Ñ€Ğ¾Ñ„Ğ¸Ğ»ĞµĞ¹,5
Ğ½Ğ°ÑƒÑ‡Ğ½Ñ‹Ñ…,5
Ğ¿ÑƒĞ±Ğ»Ğ¸ĞºĞ°Ñ†Ğ¸Ğ¹,5
inclusionãƒ»the,20
multimedia,20
unopen,15
icc,5
t20,5
gears:,5
lubrication,5
vitextvqa,10
infected,5
tomato,5
vein,5
booster,5
ai4imaging-hackathon-2024,5
"""predicting",10
"yie""",5
"yield""",5
â€”,5
problematic,5
internet,5
use,10
patient_class_prediction,5
pca,10
reconocimiento,5
expresiones,5
faciales,5
aiæ™ºèƒ½æœè”¬è¯†åˆ«,5
cirrhosi,5
gayest,5
ever,5
template,5
tss24,10
4000,5
analisispredictivo_2024q2,5
strong,5
wdl,5
go,10
updated,10
f1nalyze,5
ğŸš€,5
graphadon,5
t93bmzpn3uizk5dx5omvjdid2boota1xfotherjjtfw=,5
subscription,10
summit,5
ship,5
gogo,5
talent,50
hub.,50
Ğ²ÑÑ‚ÑƒĞ¿Ğ¸Ñ‚ĞµĞ»ÑŒĞ½Ğ¾Ğµ,50
Ğ¸ÑĞ¿Ñ‹Ñ‚Ğ°Ğ½Ğ¸Ğµ,40
Ğ¸ÑĞ¿Ñ‹Ñ‚Ğ°Ğ½Ğ¸ĞµĞ¿Ğ¾,10
faq,5
employment,5
hackathon-c62,5
brist1d,5
glucose,5
ctc,5
diploma,5
merging,5
aiit,5
uec,5
clone,5
consent,5
sex,5
app:,5
defence,5
false,5
qiskit,5
manufacturer,5
jarvis,5
calling,5
hiring,5
eedi,5
misconceptions,5
relationship,5
unb,10
underwateracousticsignal,5
recognition24,5
bootcamp:,5
2023zlabå­¦ä¹ èµ›å¤ç›˜æ¯”èµ›,5
fit5215-2024-deeplearning-competition,5
dlai8,10
curse,5
porosity,5
thu1234567890,5
renting,5
houce,5
vcmaster,5
reloaded,5
can't,5
them,5
enigma2096,5
short-term,5
bosscoder,5
revised,5
robustness,5
typo,5
kaggle_week2_4pm_thurs,5
kaggle_week2_10am_wed,5
kaggle_week2_12am_wed,5
kaggle_week2_2pm_wed,5
kaggle_week2_12am_friday,5
kaggle_week2_6pm_thursday,10
hw#2:,5
excercise,5
ppti,5
ax,5
ë””ê·¸ë¦¬,5
ì¨ë¨¸ìº í”„,5
mission,5
sirroz,5
bemorlari,5
omon,5
qolish,5
prognozini,5
aniqlash,5
xm,45
rokey,10
fit3181_kaggle_week2_2pm_friday,5
hits,5
Ğ°Ğ½Ğ¾Ğ¼Ğ°Ğ»Ğ¸Ğ¹,5
week4_4pm_mon_fit3181,5
llama,5
drive,5
uae,5
eclipse,5
phases,5
å¸‚è¥¿ä¸­å­¦ailabå›¾åƒåˆ†ç±»ç«èµ›1æ•°å­—æ£€æµ‹å™¨,5
gemini,5
context,10
ito-5212-recsys,5
week4_4pm_mon_fit5215,5
week4_6pm_mon_fit5215,5
week4_8am_wed,5
week4_10am_wed,5
week4_12pm_wed,5
week4_2pm_wed,5
week4_4pm_thursday,5
week4_6pm_thursday,5
week4_12pm_friday,5
week4_2pm_friday,5
week4_malay_fit5215,5
week4_malay_fit3181,5
ë‘ë²ˆì§¸,5
ë§Œë“¤ì–´,5
ë³´ì!!,5
curso_microeconometria_0824,5
bombay,10
(autumn,10
2024-ii:,10
hawkins,5
hunt,10
alextest,5
intelligent,10
"systems(ecu-csg2341,",10
sem,5
2025),5
competiton_test1,5
fit5215-objectdetection-s2-2024,5
865,10
week4_2pm_friday_fit,5
fit3181-objectdetection-s2-2024,5
fit3181(malaysia)-objectdetection-s2-2024,5
fit5215(malaysia)-objectdetection-s2-2024,5
gnr650,5
iti5212,5
rec,5
w,5
qiksit,5
udea/ai4eng,5
20242,5
pruebas,5
pro,5
colombia,5
wyzwanie,5
wakacyjne,5
comp4318/5318-2024s2-a1,5
online:,5
polynomial,5
skn03-ml,5
pregatire,25
iaio,25
ziua,25
steps,5
team1,5
uec-dsclub-summercamp2024,5
2024zjutest2,5
interested,5
â‰,5
2024zjutest1,5
realtime,5
live,5
2024zjutest3,5
cryptocurrency,5
2024zjutest4,5
click-through,5
tdvi,5
ç«èµ›æµ‹è¯•1,5
dive,5
2024zjutest5,5
covid19-competition-1,5
ç«èµ›æµ‹è¯•2,5
covid19-competition-2,5
2024zjutest7,5
pet,5
real-time,5
dl_itba,5
-2024q1,5
return,10
2024zjutest6,5
week7_2pm_friday_fit,5
week7_4pm_monday_fit5215,5
week7_4pm_monday_fit3181,5
week7_6pm_monday_fit5215,5
week7_8am_wednesday,5
week7_10am_wednesday,5
week7_12pm_wednesday,5
week7_2pm_wednesday,5
week7_4pm_thursday,5
week7_6pm_thursday,5
week7_12pm_friday_fit3181,5
colombia-bankruptcy-prediction,5
2024zjutest8,5
geekhaven'24,5
ml/ai,5
wing,5
2024zjuæ·±åº¦å­¦ä¹ ç†è®ºä¸å®è·µè¯¾ç¨‹è®¾è®¡,5
k33,5
hcmus,5
khdl,5
hackathon-c63,5
vitc,10
hackclub,10
recruitments-ps2,5
recruitments-ps1,5
(open),5
ct-mon/rnp,5
competition2,5
semac,5
xxxiv,5
sounds,5
task:,5
(w/o,5
prizes),5
konwinski,5
ç¬¬å…­å±Šdigixå¤§èµ›ç®—æ³•æŒ‘æˆ˜èµ›é“smuæ ¡å†…èµ›,5
forest-dsb-2024,5
easy,5
biomarkers,5
:),5
exploring,10
intelligence@ncu,5
object_detection,5
ml2024,15
itobos,5
lesion,5
åŒ—é‚®æ•°æŠ€-æ•°å­—åª’ä½“æ•°å­¦åŸºç¡€-2024ç§‹-kaggleçƒ­èº«,5
[kbi],10
czii,5
cryoet,5
åŒ—é‚®æ•°æŠ€-æ•°å­—åª’ä½“æ•°å­¦åŸºç¡€-2024ç§‹-çº¢é…’è´¨é‡é¢„æµ‹,5
dsaa6100:,5
(24,5
nsdc,5
aoml,5
5385/6385:,10
modelify_innovision_2k24,5
minihack:,5
whats,5
age?,5
if5140-praktikum,5
2-klasifikasi,5
flame,5
cart,5
hkustgz-aiaa-2205-hw1-fall-2024,5
dlp,5
2024-09,5
su25,5
glioma-mdc,10
(deprecated),5
viocrvqa,5
algo,5
mijozlarining,5
qarzni,5
qaytarish,5
prognozi,5
hw4:,5
misspelling,5
113,10
directional,10
cas,5
bdai,5
dl_2024autumn_exp1,5
ce6020_hw2_autoencoder,5
gan-2024-assignment,5
unlock,5
communication,5
podcast,5
listening,5
speeds,5
its_innovation,5
(mock)rmit,5
genai,30
hugging,5
transformers,5
k2,5
perkenalan,5
if5140,5
m5366-fl2024-03-geospatial,5
[k2]praktikum,5
"nb,",5
"dtl,",5
"forest,",5
service,5
titanic(acm,5
prueba),5
isec,5
col774,10
acm-icaif,5
financerag,5
america,5
middle,5
bhf,5
dan,5
eval,5
artist,5
[k2],5
paid,5
2403,5
classification-bank-churn-ai,5
purchases,5
kaggle_week10_vit_4pm_monday_fit5215,5
kaggle_week10_vit_6pm_monday_fit5215,10
kaggle_week10_vit_12pm_wed_fit5215,5
kaggle_week10_vit_2pm_wed_fit5215,5
kaggle_week10_vit_4pm_thursday_fit5215,5
kaggle_week10_vit_6pm_thursday_fit5215,5
historical,5
test123$,5
2022çº§_competition(01),5
discord,5
(not,5
one),5
dma24,5
compagnie,5
fall2024-birth,5
cameroon,5
hackathon-c64,5
unt,5
hydroinsight,5
kaggle_week11_vit_4pm_monday_fit3181,5
kaggle_week10_vit_8am_wed_fit3181,5
kaggle_week11_vit_10am_wed_fit3181,5
kaggle_week11_vit_12pm_friday_fit3181,5
kaggle_week11_vit_2pm_friday_fit3181,5
nccu,10
mitc,10
uts,5
geographic,5
dl_2024autum_exp2,5
asugnn,5
techathalon,5
2022çº§_competition(02),5
helllo,5
dsaa6100,15
ids,5
hkustgz-aiaa-2205-hw2-fall-2024,5
pÃºblico,5
finetuning,5
fide,5
efficient,5
qeradfa,5
panka,5
amr,5
æ·˜å®è¯„è®ºæƒ…æ„Ÿåˆ†ç±»zjzhang,5
launched,5
cloned,5
bug,5
bash,5
pathloss,15
map,15
wikido,5
ferralytics,5
2024-tm:hw2,5
users',5
(release,5
2022çº§_competition(3),5
air-traffic,5
localizaÃ§Ã£o,5
dispositivos,5
mÃ³veis,5
-2,5
455,5
æœºå™¨å­¦ä¹ ä¸æ·±åº¦å­¦ä¹ (2024)-æœŸæœ«ä½œä¸š(å›¾åƒåˆ†ç±»),5
reloaded:,5
multi-task,5
medmnist,5
apartments,5
almaty,5
åŒ—é‚®æ•°æŠ€-æ•°å­—åª’ä½“æ•°å­¦åŸºç¡€-2024ç§‹-æ€§åˆ«åˆ†ç±»,5
wsdm,5
aaai-25,5
visually-rich,5
document(vrd-iu),5
nodule-detection,5
æœºå™¨å­¦ä¹ ä¸æ·±åº¦å­¦ä¹ (2024)-æœŸæœ«ä½œä¸š(å›å½’pm2.5),5
sw,5
test_its,5
2024çº§åŒ»å­¦å›¾åƒåˆ†å‰²ç«èµ›,5
amsterdam,5
outliers,10
ml2024-lab4-basicpart-reg,5
break,5
nit't,5
gut,5
biotransformation,5
pathways,5
practise,5
pmr3508,5
e,5
4460,5
dss,5
url,5
cypher:,5
streets,5
ml2024-lab4-basicpart-b.c.,5
ml2024-lab4-advancedpart,5
herwill:,5
1131,5
w2_78ef,5
rapidminer1,5
dl_2024autum_exp3,5
gprmax,5
(gdlc-1),5
dm2024,5
2ê¸°,5
remake_test_pl3200,5
ds701,5
streetsâ€™,5
showdown:,5
black,5
traveler,5
legends:,5
sean's,5
cidaut,5
scene,5
visitors,5
unicode,5
isÃ¨re,5
surface,5
height,5
rmit,5
ndtreeåŒ¹é…æ˜Ÿè¡¨,5
altscore,5
2024-30,5
202430,5
day-1,5
predict(mega),5
practical,5
innovative,10
f24,5
2024graduate_fewshotclassification_medium,5
2024graduate_fewshotclassification_many,5
sci,5
pediatric,5
pascal,5
voc,5
hackathon-c65,5
dota,5
"(simplified),",5
677,5
o2,5
nasdaq,5
prediction(classification),5
decode:,10
empowering,10
essential,10
fufudata,5
autumn'24,5
emnist,5
4:,10
movies,5
scenes,5
2024å¤§æ¨¡å‹ç®—æ³•æŒ‘æˆ˜èµ›,5
consumer,5
complaints,5
21-day,5
code-a-thon,10
hkustgz-aiaa-2205-hw3-fall-2024,5
[cauai2024],5
ê°„,5
ë•Œë¬¸ì´ì•¼_for,5
baseline,5
mlunlp2024-ps2,5
aiml-club,5
stat_plus_ml_2024,5
dl_2024autumn_exp4,5
bzan,5
542,5
pickup,5
mmai,5
891,5
test_runkzknbdhj,5
bin318r01,5
(lab,5
mcml,5
24-25,10
(intrusion,5
iot),5
bci-i,5
idun,5
muh,5
(due,5
"pm,",5
åŒ—é‚®æ•°æŠ€-æ•°å­—åª’ä½“æ•°å­¦åŸºç¡€-2024ç§‹-çº¢é…’è´¨é‡é¢„æµ‹ï¼ˆé™ç»´ï¼‰,5
åŒ—é‚®æ•°æŠ€-æ•°å­—åª’ä½“æ•°å­¦åŸºç¡€-2024ç§‹-æ€§åˆ«åˆ†ç±»ï¼ˆé™ç»´ï¼‰,5
fall'24,5
(week-12),5
perplexity,5
konkurs,10
zaliczeniowy,10
copy_course,5
concon,5
seas,5
commerce,5
itj,5
pima,5
trips,5
03,5
blog,5
classfication,5
h2o,5
out-of-label,5
neo,5
24-09-ft-bil,5
e-82,5
(late,5
submissions),5
laboratorio,10
prediction:,5
aadult-census-income,5
statisticlearning2024_lab2,5
[aiffel-ds3],5
darkagi-aimo2,5
2024-irtm:hw3,5
copia,5
estudiar,5
2024è¾…ä¿®ä½œä¸šhw1-1,5
2024è¾…ä¿®ä½œä¸šhw1-2,5
techolympiad,25
flags,5
peptide,5
lc,5
vib,5
arroz,5
graneado,5
krl,5
respect,5
diversity,5
inclusion,5
iga,5
sdu-inf376-2024-fall-ner,5
prediction(mega),5
snwa,10
uratuj,5
pomidorka,5
au-1131-house,5
foo8d793c01484f40d3a8d16f529a75a0d3,5
datacation,5
friendship,5
project3_2024-25,5
bear!,5
khuggle,5
chocolate,5
edu],5
portfolio,5
smuç»ƒä¹ èµ›,5
prediction-fall,5
uno,5
iitmz,5
neurokup,5
inducciÃ³n,5
econ,5
424,5
pc:,5
glassdoor,5
361,5
---,5
megaolimpiade,5
sales-colombia-regression,5
hse-cds-dl-hw2,5
bicycle,5
aiedu,5
(sufe),5
sales-colombia-regression(ai-page),5
smu_dogclassifiy,5
simulasi,5
pembelajaran,5
mesin,5
dsadgfdfssesdfasdfa,5
24,10
survival-ibm-telco(ai-page),5
(interval,5
prediction),5
åŒ—é‚®æ•°æŠ€-æ•°å­—åª’ä½“æ•°å­¦åŸºç¡€-2024ç§‹-å…¨æ™¯ç…§ç‰‡,5
icdar2025,10
colie,10
*task1*,5
comp12313,5
icip-aes-2024-autumn-regression,5
hackathon-c66,5
tnm112-lab2,5
casml,10
113-1,5
2024è¾…ä¿®ä½œä¸š2-1,5
bakery,5
2024/25,5
agent,5
gsb,10
544,10
political,5
affiliations,5
mfe,5
foot,5
wuerzburg,5
comp6970,5
2024-25,5
Ğ¿Ñ€Ğ¾Ğ³Ğ½Ğ¾Ğ·Ğ¸Ñ€ÑƒĞµĞ¼,5
Ğ±ÑƒĞ´ÑƒÑ‰ĞµĞµ,5
24z,10
x-clone,5
prediction-clone,5
data-clone,5
bca,5
mlc,5
trimester,5
mma865-2025bs,5
"[Ğ¸Ğ¸,",5
2024-2025],5
pap,5
smear,5
(ps3c),5
kyrgyz,5
(kyrgyzmnist),5
è´å¶æ–¯åˆ†ç±»å™¨-4,5
machine-learning-4,5
mall,5
learning-cugb,5
Ğ½Ğ¾Ğ²Ğ¾Ğ³Ğ¾Ğ´Ğ½Ğ¸Ğ¹,5
Ğ¿Ğ¸ÑÑŒĞ¼Ğ°,5
Ğ´ĞµĞ´Ñƒ,5
Ğ¼Ğ¾Ñ€Ğ¾Ğ·Ñƒ,5
termin,5
*task2*,5
checkup,5
22khdl2,5
pastry,5
storm,5
nowcasting,5
madagascar,5
âŒ,5
leaving,5
uncertain,5
futureâŒ,5
Â¡cuidado,5
avispa,5
asiÃ¡tica!,5
(isbi),5
fsiv,5
p6-2,5
song's,5
danceability,5
åŒ—é‚®æ•°æŠ€-æ•°å­—åª’ä½“æ•°å­¦åŸºç¡€-2024ç§‹-ä¸‰ç»´é‡å»º,5
c1:,5
rendimiento,5
acadÃ©mico,5
test321,5
c2:,5
distribuciones,5
probabilidad,5
c4:,5
c5:,5
segmentaciÃ³n,5
hhhhhhhhhh,5
multiorg,5
ventas:,5
quitting,5
bgu2025,5
ai-dl,5
dt8028_2024,5
lab8_2024_2025_tuesday,5
Ğ¾Ğ»Ğ¸Ğ¼Ğ¿Ğ¸Ğ°Ğ´Ğ°,5
Ï‰Î¼ÎµĞ¶ĞºĞ¸,5
Ğ¸,5
"Î¾ÑˆĞºĞ¸,",5
Ğ¾Ğ·Ğ½Ğ°ĞºĞ¾Ğ¼Ğ¸Ñ‚ĞµĞ»ÑŒĞ½Ñ‹Ğ¹,5
ÑÑ‚Ğ°Ğ¿,5
juridia,15
å¤æ‚åœ°ä¸‹ç©ºé—´å·¥ç¨‹å®‰å…¨æ–½å·¥ç ”ç©¶,5
housepredict,5
eslsca,5
2024-2025,5
202411,5
25j,5
mia,5
cincinnati,5
reds,5
stew:,5
enhancement,5
gradient,5
ai_tranining_hutech,5
ai_tranining_hutech_test2,5
oracle:,5
high-frequency,5
prophecie,5
ecosphere,5
sherlock,5
king,5
datablitz,5
opencode'24,5
geekhaven,5
ai_tranining_hutech_1,5
hutech,5
eda,5
ashok,5
factory,5
calls,5
agentsociety,5
nclab_competition,5
delaware,5
discipline,5
njupt-sast-pythonç»„-2025-wocï¼šã€Šè˜‘è‡çŒäººã€‹,5
